fighter_id,fighter_url,full_name,flags,flag_count
92b9591f-0cfb-50f7-876d-50307eea472e,http://ufcstats.com/fighter-details/c8661e204c66f325,Mike Davis,duplicate_name; sparse_bio,2
5a78d9a0-288f-56f7-979a-90b8ecbd5dfd,http://ufcstats.com/fighter-details/a45bab49951a45cd,Tony Johnson,duplicate_name; sparse_bio,2
cde30eaf-5d64-54d3-b8f8-efeffcc46438,http://ufcstats.com/fighter-details/de277a4abcfeea46,Victor Valenzuela,duplicate_name; sparse_bio,2
6e78e55b-23a5-51c6-8a59-12f95b0de4fa,http://ufcstats.com/fighter-details/0adf1aacda5e26ac,AJ Fonseca,sparse_bio,1
c1aeabef-2a15-5e78-afd1-3e79016896eb,http://ufcstats.com/fighter-details/f3ec0214794a699e,AJ McKee,sparse_bio,1
5092de66-3011-5c25-ae7d-d47e43d71096,http://ufcstats.com/fighter-details/fce9b4056a8ef559,AJ Siscoe,sparse_bio,1
e009f901-2ab7-550f-9043-99b1a184d5f0,http://ufcstats.com/fighter-details/d73e856f150744b2,Aaron Lanfranco,sparse_bio,1
602ddd82-a9c4-53b7-a170-46b70637972a,http://ufcstats.com/fighter-details/a4d055f1435d6d75,Aaron Miller,sparse_bio,1
ec3c200d-d331-502f-b4a3-841a108cf1fd,http://ufcstats.com/fighter-details/cc18abc046b382c9,Aaron Trujillo,sparse_bio,1
09b1e133-0546-525c-a152-6978338681d1,http://ufcstats.com/fighter-details/1ce7998e0a215caa,Aaron Wetherspoon,sparse_bio,1
482a27cd-5a87-5b20-8eed-19f93dc2053b,http://ufcstats.com/fighter-details/968764372c49eab6,Abdul Azeem Badakhshi,sparse_bio,1
ccd54073-4dd9-5917-9914-56d793ab6e7c,http://ufcstats.com/fighter-details/c1135a6892e916db,Adam Meredith,sparse_bio,1
db4c5c5b-01a7-5a27-8b03-b0b7c4a3a400,http://ufcstats.com/fighter-details/754968e325d6f60d,Adam Smith,sparse_bio,1
5eca088d-7eda-5703-8aad-db70b693c758,http://ufcstats.com/fighter-details/16044bd8762cf794,Adam Steele,sparse_bio,1
2373473d-4794-58cd-a140-370c6a4cc4f6,http://ufcstats.com/fighter-details/689502703bbfe5f2,Adilet Nurmatov,sparse_bio,1
3255cd2f-ed0e-5cdc-a08e-051d8335b041,http://ufcstats.com/fighter-details/e6904a03a66e711d,Adli Edwards,sparse_bio,1
f3521fee-6f67-5ce7-a369-32e6222de755,http://ufcstats.com/fighter-details/c6e6926a81adcd00,Adriano Santos,sparse_bio,1
ac031987-083c-55d8-a325-5e77878b0d24,http://ufcstats.com/fighter-details/ff584c17bccbae0b,Ahejiang Ailinuer,sparse_bio,1
32325d51-539a-5eb6-9939-b487b5497c3c,http://ufcstats.com/fighter-details/9b6dcc335ad03696,Ailiya Muratbek,sparse_bio,1
4c1a07ea-c474-5aad-a41f-ca69536b97ea,http://ufcstats.com/fighter-details/22af3546bd967280,Aji Susilo,sparse_bio,1
5bbf0405-6cf4-5531-947a-e58e63f8dbb2,http://ufcstats.com/fighter-details/1bf49bf829964144,Akihito Tanaka,sparse_bio,1
32bab3e0-cffb-5f1b-8d09-e557d70e6c4b,http://ufcstats.com/fighter-details/f6bbc6ba4f06ad60,Alain Van der Merckt,sparse_bio,1
80f7c337-36ee-597f-9368-ef6dc7a24512,http://ufcstats.com/fighter-details/0a66de3a797cf73a,Alan Gomez,sparse_bio,1
37333bea-637d-5b2c-9cfd-3c81c5c23565,http://ufcstats.com/fighter-details/868a78f2e810a837,Albert Rios,sparse_bio,1
bd7e4da4-2fd9-501d-8cd5-6db785e09c80,http://ufcstats.com/fighter-details/6751b11102b6adfe,Albert Tadevosyan,sparse_bio,1
1be708cc-83d4-51a9-b09e-feb3623fb4c7,http://ufcstats.com/fighter-details/6e02c318762f52f1,Alberta Cerra Leon,sparse_bio,1
80794f24-134d-5c0d-a0b8-9b62003ca33c,http://ufcstats.com/fighter-details/8944a0f9b2f0ce6d,Alex Crispin,sparse_bio,1
aec37b5b-11a0-5f40-8c81-1d976e903a50,http://ufcstats.com/fighter-details/31732a614e7a3d1d,Alex Dunworth,sparse_bio,1
c43b8164-ae03-5a46-87e7-68f2b243cbd8,http://ufcstats.com/fighter-details/2af2d675f7d847e3,Alex Higley,sparse_bio,1
01013f8d-c47e-5725-bf28-af055b6c9e66,http://ufcstats.com/fighter-details/baa5358456803df8,Alex Hunter,missing_dob,1
612c3f27-11b0-5d12-ad29-0580ad365f72,http://ufcstats.com/fighter-details/02d808afb96669de,Alex Zuniga,sparse_bio,1
51471b6c-7dfb-5c81-a07d-43098d8da3fb,http://ufcstats.com/fighter-details/15dedd05f8bcb475,Alexander Crispim,sparse_bio,1
965a003b-ff25-57e4-a208-b251466dd004,http://ufcstats.com/fighter-details/73abb7a5c57fb443,Alexander Trevino,sparse_bio,1
d0c40615-2ee1-5c6a-8be1-34163f0f2bda,http://ufcstats.com/fighter-details/ce7871949b0ed2bf,Alvin Cacdac,missing_dob,1
62e4837c-406c-5c7c-a691-371c0fc48346,http://ufcstats.com/fighter-details/ac31f869959860bc,Amador Ramirez,sparse_bio,1
f809e14f-e4ab-59c9-bdae-fec6d94ef733,http://ufcstats.com/fighter-details/bb01bc3c57f39b04,Amber Tackett,sparse_bio,1
c8cf0bb6-2aad-5aa2-9fd8-645393cd0fd2,http://ufcstats.com/fighter-details/d0d43cb9b14f231c,Andre Mussi,missing_dob,1
d29074a3-857c-50dc-9e17-b30666c01d71,http://ufcstats.com/fighter-details/5b5b78116d1fc3eb,Andre Santos,sparse_bio,1
f321bcaf-6fd5-574e-8591-162d9a3ab1ae,http://ufcstats.com/fighter-details/f8c2aba4815876b5,Andrew Martinez,sparse_bio,1
7aaa783d-a248-579a-a7d2-12ee484cae1c,http://ufcstats.com/fighter-details/72c9c2eadfc3277e,Andrew Montanez,sparse_bio,1
b54934fd-4ff0-57a3-a57b-78022bd27612,http://ufcstats.com/fighter-details/3b5f2faaa2f2c1f6,Andrew Ramm,sparse_bio,1
181538d2-528b-514d-a8d0-2017c9418b76,http://ufcstats.com/fighter-details/2a898bf9fb7710b3,Andrew Valladerez,sparse_bio,1
ac94a1ce-2af0-5e7e-9959-dd80388db332,http://ufcstats.com/fighter-details/fd0b4e3eb18eafb7,Andy Murad,sparse_bio,1
271e7290-f29e-583b-a856-e49ebc146c53,http://ufcstats.com/fighter-details/4a1a492f299581d9,Andy Uhrich,sparse_bio,1
475c1243-b366-524c-936f-c9d9d1b00a5d,http://ufcstats.com/fighter-details/bd92cf5da5413d2a,Anthony Alves,sparse_bio,1
75c34a99-7aee-5020-900d-320a1c7ef2b0,http://ufcstats.com/fighter-details/7c9aeba0c4d4bd78,Anthony Do,sparse_bio,1
0797f97f-f305-585a-89ef-0d0a8691e8a0,http://ufcstats.com/fighter-details/daff32bc96d1eabf,Anthony Figueroa,missing_dob,1
94dce5fa-d2c7-5023-8bff-1c2354641308,http://ufcstats.com/fighter-details/637a4d8825464c62,Anthony Taylor,sparse_bio,1
670583c4-5d6b-5581-8656-10fde598cee8,http://ufcstats.com/fighter-details/859e0dafd04fe1ca,Anvarbek Daniyalbekov,sparse_bio,1
34396b1f-467e-5a57-ab19-c992cd662880,http://ufcstats.com/fighter-details/8d4943a9ce9f521b,Artenus Young,sparse_bio,1
6be681ec-8f35-539d-931b-2581766281fe,http://ufcstats.com/fighter-details/2a7afe14b3a0a058,Asbel Cancio,sparse_bio,1
082a7aa1-ef74-5310-9d38-2106b6a17b96,http://ufcstats.com/fighter-details/c1e4ae143cce7398,Aurelijus Kerpe,sparse_bio,1
bb75c169-0e0a-5256-8722-79e81d5dbd2e,http://ufcstats.com/fighter-details/848809f3986b4977,Baru Harn,sparse_bio,1
6a186c71-fd94-522b-ab74-b345bb61a9e5,http://ufcstats.com/fighter-details/ee457ef1e1c326c1,Ben Earwood,missing_dob,1
475f323d-3416-5c30-b013-324c0d91bb37,http://ufcstats.com/fighter-details/6070f16bcfd89fcf,Ben Holscher,sparse_bio,1
d1e58231-efb0-575b-9c50-98d4ec087bf3,http://ufcstats.com/fighter-details/329aff8e958a2997,Ben Jones,sparse_bio,1
8d88187a-04c1-5f7e-a4eb-6a264b6f393c,http://ufcstats.com/fighter-details/78bd6940d093fd33,Bill Cooper,sparse_bio,1
2587c61f-c997-5fcb-bc68-f57640903569,http://ufcstats.com/fighter-details/7df4d3c38792b083,Bill Duvall,missing_dob,1
5b17745a-5771-58ce-b4ad-263d894dfdfd,http://ufcstats.com/fighter-details/63f8775391301891,Blair Tugman,sparse_bio,1
e3f3df61-8957-5640-b045-e6945ca3a2a6,http://ufcstats.com/fighter-details/a95a0504fd73bd3e,Blake Bowman,sparse_bio,1
3c403b66-022a-5632-91ec-2123b3735be7,http://ufcstats.com/fighter-details/117580b232409824,Blake Watkins,sparse_bio,1
a45b9df6-7af2-58ac-8d14-3a47c2806c25,http://ufcstats.com/fighter-details/1c061eb6e29eaa0a,Bob Cook,missing_dob,1
24ef9011-0398-5eee-886c-9681c7dc50d7,http://ufcstats.com/fighter-details/c96518b7f6881004,Bob Gilstrap,missing_dob,1
1152050a-7bdf-59e3-bab6-901fce908cec,http://ufcstats.com/fighter-details/1b51895e5572cfda,Bobby Cooper,sparse_bio,1
6525528d-a529-5ba8-a5eb-ead5b9bf503f,http://ufcstats.com/fighter-details/f7ede18b4ec4ec1f,Bobby Escalante,sparse_bio,1
5be3e3e3-d42e-59b4-a3f5-f2c7a183b602,http://ufcstats.com/fighter-details/c97fc5fbf7d32b8a,Bobby Flynn,sparse_bio,1
cb4600e2-c7dc-5c4a-94ba-3786eaf24ee1,http://ufcstats.com/fighter-details/ef6f45095119d416,Bobby McAndrews,sparse_bio,1
5086713d-cb42-5dd7-974e-b99263bbc2f2,http://ufcstats.com/fighter-details/6436029b50a9c255,Bobby Stack,missing_dob,1
99bedf6f-9ae3-5553-92c2-526931558b0f,http://ufcstats.com/fighter-details/4d74641fac830182,Brad Gumm,missing_dob,1
e17b0db6-14bd-57d5-b02a-8a831bb62370,http://ufcstats.com/fighter-details/09f8c233de88998d,Brad Royster,sparse_bio,1
ff32515c-84ed-5a24-a796-9da1393b1402,http://ufcstats.com/fighter-details/3993f7dcb7caf42a,Brandon Cash,missing_dob,1
bd79f07f-e87c-57c2-a679-28ae1cd61a34,http://ufcstats.com/fighter-details/13150cf89a5b81e0,Brandon Hester,sparse_bio,1
c27f367d-d844-5edb-ae23-8ceb0d80680d,http://ufcstats.com/fighter-details/78ac94d54aa7f378,Brandon Lowe,sparse_bio,1
de53f983-f554-5fc1-868a-eed207b7cc6c,http://ufcstats.com/fighter-details/2015c944226ad2df,Brandon Magana,sparse_bio,1
99bd01b3-df6e-5689-abe8-f0c219be8c19,http://ufcstats.com/fighter-details/543cd2258f4fa339,Brandon Polcare,sparse_bio,1
ef25b314-7e47-5ac8-94ac-f23a8850d170,http://ufcstats.com/fighter-details/9b28292abe3166d5,Brett Albee,sparse_bio,1
5b881e8d-c4f3-5c18-94cf-5eff565205c3,http://ufcstats.com/fighter-details/7b461ccae8270207,Brett Tillis,sparse_bio,1
31943f54-f4b1-57a0-94e4-a98bc0bb2916,http://ufcstats.com/fighter-details/99c80d2bd5dbe5a9,Brian Schwartz,missing_dob,1
6bb2f256-c890-5708-b06c-367116af01e8,http://ufcstats.com/fighter-details/9db861c26b63daa8,Brian Sleeman,sparse_bio,1
c4059f62-990d-52b0-8316-6500c767c93a,http://ufcstats.com/fighter-details/65239fccecd03404,Bronson Mohika,sparse_bio,1
a6bd26e5-ab2c-5660-894a-ca23a6905b77,http://ufcstats.com/fighter-details/1b41c21d947d6f2f,Brooke Mayo,sparse_bio,1
4ac6d2c8-56c8-52b1-88f9-ebe5451f8184,http://ufcstats.com/fighter-details/12ebd7d157e91701,Bruno Silva,duplicate_name,1
243c64b6-7efe-50da-9bf8-0bb6f6fb34d7,http://ufcstats.com/fighter-details/294aa73dbf37d281,Bruno Silva,duplicate_name,1
54cdfb42-41a5-59cc-87fc-6e41825462dd,http://ufcstats.com/fighter-details/b9c75e7fc910f587,Bryan Humes,sparse_bio,1
a33af7be-0175-5e76-aa6f-a1c982b305a5,http://ufcstats.com/fighter-details/008cf84faae9c7a5,Bryan Travers,sparse_bio,1
f169da28-4eb6-5040-b1ba-341dbc51a701,http://ufcstats.com/fighter-details/5517bd590dbbe1f8,Bryanna Fissori,sparse_bio,1
be9b4bf7-4fb0-56f6-87a4-d39415c311a0,http://ufcstats.com/fighter-details/6eae26c44e505775,Bryce Mejia,sparse_bio,1
c05b74e7-7946-5f4d-bc07-ea8cca0a3893,http://ufcstats.com/fighter-details/9336e86cfd4ceaa1,Bryson Kamaka,missing_dob,1
89f7696b-d277-50c7-9e1c-f4316aeaf910,http://ufcstats.com/fighter-details/6cf2352cdb3de59d,Bubba Pugh,sparse_bio,1
e6dfdf65-5297-5224-ab63-9b4812494084,http://ufcstats.com/fighter-details/4c91eb190d5e0dd9,CJ Marsh,sparse_bio,1
477c9d61-3f33-5587-b295-185b52ffb388,http://ufcstats.com/fighter-details/033343da4c0cff8a,Carina Damm,sparse_bio,1
f7fa8d85-3526-574f-a769-d119ac1ec1bc,http://ufcstats.com/fighter-details/5ee87e0432205755,Carl Toomey,sparse_bio,1
14895948-ce5b-5f6e-a052-2984eb6f131f,http://ufcstats.com/fighter-details/f117c3e8c1aa7b9e,Carlton Jones,missing_dob,1
9c7f2e29-26a9-539a-aa27-5a7d10958fcc,http://ufcstats.com/fighter-details/737d93a42b8c2e94,Casey Huffman,sparse_bio,1
5dd5455f-5986-5884-8243-51c5097fffaa,http://ufcstats.com/fighter-details/7613773461b276f4,Casey Olson,missing_dob,1
ade53df5-69c2-5ca0-9bd8-9982d766d0b1,http://ufcstats.com/fighter-details/5b1b383265433f51,Casey Ryan,sparse_bio,1
bca9f976-6acb-5afb-87be-97cb102f20c7,http://ufcstats.com/fighter-details/079488710f012779,Cesar Gracie,missing_dob,1
461fce40-0510-5fb8-a86f-7776c5fb61e5,http://ufcstats.com/fighter-details/e8efeb9cf33b1941,Cesar Marscucci,sparse_bio,1
8a5b0263-a9a4-5d55-8f17-f9bef4bb4eb2,http://ufcstats.com/fighter-details/1267b631db78665a,Chad Corvin,sparse_bio,1
e5ed023b-118d-510c-a2cd-c92f4ba21823,http://ufcstats.com/fighter-details/26d61e92a6069cd2,Chad Vance,missing_dob,1
9c54710f-401b-58f5-8c77-b1aa03a62722,http://ufcstats.com/fighter-details/4fe9492959834bf7,Chad W. Saunders,missing_dob,1
da53c009-7524-5f63-84fb-4ae1464d240e,http://ufcstats.com/fighter-details/effd0b70e6749ab2,Charlene Gellner,sparse_bio,1
ed4d7fb4-b117-5596-9892-b99c1c24bc66,http://ufcstats.com/fighter-details/acd8a53f7c0ce85e,Charles McTorry,sparse_bio,1
f842b294-6fe5-5ede-96a7-b84a4aa22aa6,http://ufcstats.com/fighter-details/c26ea30823f37316,Chel Erwin-Davis,sparse_bio,1
cd9b0b19-a463-5daa-9276-d173bf8dd84c,http://ufcstats.com/fighter-details/ee0b69e307c857e5,Chris Amarante,sparse_bio,1
32f89495-2ba0-5c90-aa11-a12fe9b16f37,http://ufcstats.com/fighter-details/91e69a1c3c87325b,Chris Barnhizer,sparse_bio,1
a589555a-bc3a-5cc4-8925-0b57885f4bd2,http://ufcstats.com/fighter-details/239224bedeb2c7a4,Chris Bostick,sparse_bio,1
a6261fd6-392b-51fd-8999-a2b342385688,http://ufcstats.com/fighter-details/9e2624ac992660c6,Chris Brown,sparse_bio,1
deaf401c-80b9-5361-92da-2c7cddb64961,http://ufcstats.com/fighter-details/a0c29b13f7a5df32,Chris Coggins,sparse_bio,1
93a83bc0-9b60-5848-a648-26c66a96e567,http://ufcstats.com/fighter-details/41e77dc504a192c6,Chris Condo,missing_dob,1
40838333-4e3d-5742-a6c0-1bbceb8b9dde,http://ufcstats.com/fighter-details/e59b13321562eed3,Chris Culley,sparse_bio,1
cad2d126-5cec-522f-86de-543f7e983ffd,http://ufcstats.com/fighter-details/5fd834edd92c9e50,Chris Drumm,sparse_bio,1
557b393f-ddb8-5eb6-bf99-499fb09e3e34,http://ufcstats.com/fighter-details/f71028a6e5128856,Chris Herrera,sparse_bio,1
8fce44f2-03ee-52c1-bd83-45ea53bcead9,http://ufcstats.com/fighter-details/f0a381ba65d2a933,Chris Inman,sparse_bio,1
726cca1b-e05d-52c7-a240-30465be31e5c,http://ufcstats.com/fighter-details/0e31bfd26cc8c503,Chris Liguori,missing_dob,1
93206d41-eebe-54a8-8122-d4fc0f56e73c,http://ufcstats.com/fighter-details/324c7a749128df8d,Chris Solomon,sparse_bio,1
6f0adaca-2224-5083-a7b9-96039657aa09,http://ufcstats.com/fighter-details/7182146226dabe22,Chris Wright,sparse_bio,1
55418b43-ab91-5e78-bb17-56c37bd1e503,http://ufcstats.com/fighter-details/920632ca1b78fae5,Chris Yee,sparse_bio,1
287c3796-7890-5df6-a142-bcab7366aff5,http://ufcstats.com/fighter-details/7269329bd87eb479,Christophe Leninger,missing_dob,1
e62d40fa-5503-5132-8a52-fb962242ec20,http://ufcstats.com/fighter-details/000774e57404d8c7,Chungreng Koren,sparse_bio,1
1572390a-8367-52ac-a371-068f8e4d0028,http://ufcstats.com/fighter-details/6e2b1d631832921d,Claudio Mattos,sparse_bio,1
c352a633-2bd8-5428-b8d4-c9a59c7e4c4b,http://ufcstats.com/fighter-details/7a82635ffa9b59fe,Claudionor Fontinelle,missing_dob,1
92d041a6-a954-5ff3-ac73-37f96dbfe7f8,http://ufcstats.com/fighter-details/3d960455f880bb25,Clay Mitchell,sparse_bio,1
61bdaa69-45ef-509e-a8ed-ddafe8867222,http://ufcstats.com/fighter-details/39831e62d12e7ad1,Clayton MacFarlane,sparse_bio,1
94becf22-9d29-5ad1-bdad-eb20e87f8a8e,http://ufcstats.com/fighter-details/9bdebbf2735d14c2,Cleber Luciano,sparse_bio,1
3842fab9-cd0f-596e-a7ba-4e01f6a0e5f1,http://ufcstats.com/fighter-details/fe67cd6423f7a8ad,Clint Coronel,sparse_bio,1
52c62a45-f93f-59b6-ab42-347d8c607e36,http://ufcstats.com/fighter-details/23100e8f71f25a4a,Cody Canterbury,sparse_bio,1
04371e0b-7c0b-5c3b-a8ac-2f208fccafe6,http://ufcstats.com/fighter-details/9346efb4bbaedd08,Cody Carrillo,sparse_bio,1
8b451e1c-0712-5958-bb20-befc25546e2e,http://ufcstats.com/fighter-details/8164250600b7c91b,Cody Floyd,sparse_bio,1
5a91f72c-9e82-5d48-b5d9-607fcb1e4fda,http://ufcstats.com/fighter-details/e3162dbdbfd78287,Cody Law,sparse_bio,1
86cff9e0-ce66-50ac-b67a-d17b771fa6ab,http://ufcstats.com/fighter-details/3324129f3745b300,Cody Sons,sparse_bio,1
c85bec50-1cc0-5bdd-94dc-fc0df74be309,http://ufcstats.com/fighter-details/aa943b9bc00cb0ed,Colleen Schneider,sparse_bio,1
9e6d8c74-b6e3-5d98-9b47-7190a028eb32,http://ufcstats.com/fighter-details/1433786ac76cf777,Colley Bradford,sparse_bio,1
6a81a5da-573c-59f3-83e1-d5fc9391c139,http://ufcstats.com/fighter-details/cecd72feb0d640e3,Coltin Cole,sparse_bio,1
8a8ca0c6-bae6-5eb1-8ce8-2b07fc90a6f8,http://ufcstats.com/fighter-details/83c6c3e0f8bde8ee,Cory Walmsley,missing_dob,1
6b7febec-5ed7-599a-a147-eb4c87df9529,http://ufcstats.com/fighter-details/56f4b81ec4db61af,Courtney Turner,sparse_bio,1
67542d2c-ed6d-5c9f-be4e-6458319a0a55,http://ufcstats.com/fighter-details/e947b563eb744a21,Craig Jones,sparse_bio,1
cc8b7fc4-63a6-5cae-a50f-e785d5d650ea,http://ufcstats.com/fighter-details/3746e21bb508391a,Crezio de Souza,sparse_bio,1
f5ed2b86-cd0a-5903-a318-17f207df806c,http://ufcstats.com/fighter-details/2721bb808bb2523c,Curt Warburton,missing_dob,1
6995e96f-bc74-59f5-83f2-5e9651f81210,http://ufcstats.com/fighter-details/f689bd7bbd14b392,Cyborg Abreu,sparse_bio,1
abf53254-1ee7-582f-9f4f-abffdcaa2fba,http://ufcstats.com/fighter-details/ce3b669e39418414,Damion Douglas,sparse_bio,1
59f2e3cf-a5aa-564b-9692-c9243cd11e4c,http://ufcstats.com/fighter-details/eefc73b53d4a05d7,Dan Manasoiu,sparse_bio,1
5aea8fed-8d36-523a-bd86-1b5dcebe88c0,http://ufcstats.com/fighter-details/96706c75a2b14164,Daniel Gallemore,sparse_bio,1
3d40c3e9-4cf6-5fed-b166-e5c7dd77ec80,http://ufcstats.com/fighter-details/bd02e222a6166d50,Daniel Schmitt,sparse_bio,1
e5fe2cc2-267e-5b14-90bf-1a6c1a05a278,http://ufcstats.com/fighter-details/9fd1f08dd4aec14a,Dave Beneteau,missing_dob,1
10336234-1e19-56ad-83fb-9b53fa90ad93,http://ufcstats.com/fighter-details/b3bbe88fecd6a0d2,Dave Berry,sparse_bio,1
792adaae-bda1-5eaf-b5b8-d77c3dd6520a,http://ufcstats.com/fighter-details/92c96df8bdab5fea,Dave Martin,sparse_bio,1
33f7db10-a584-525d-87a4-297ef2f43c32,http://ufcstats.com/fighter-details/be124bdd60fab7d5,Dave Zitanick,sparse_bio,1
45c0e4a8-f8c5-542d-aa2c-d789f90a9af2,http://ufcstats.com/fighter-details/e6015889f50075d2,David Barrios,sparse_bio,1
3349631a-6367-55ab-b9fc-8e695ccdcc34,http://ufcstats.com/fighter-details/ebf298f8ac7e232b,David Blanco,sparse_bio,1
755e406d-7405-56d3-9d90-bb99dee61e5b,http://ufcstats.com/fighter-details/489413d3be819647,David Gomez,sparse_bio,1
a9a489a2-41dc-5ef1-9791-1c105cb20263,http://ufcstats.com/fighter-details/5af480a3b2e1726b,David Hood,sparse_bio,1
44b7f3c4-0375-512c-a83f-8777a9027465,http://ufcstats.com/fighter-details/49590e0508b2c19f,David Levicki,sparse_bio,1
ef6e6b13-84ec-5ac2-8982-29daa19ed7ca,http://ufcstats.com/fighter-details/31e1ea6fe6b682f8,David Rasouri,sparse_bio,1
23dc86c1-3344-59b7-8323-52fce8c501c8,http://ufcstats.com/fighter-details/e955046551f8c7dd,David Smith,sparse_bio,1
3cba9069-eadd-5be2-a53d-d25e8f0468e9,http://ufcstats.com/fighter-details/0275e33febc2818c,DeMarco Villalona,sparse_bio,1
2af11082-0da5-5d1c-b70c-a7c61b529940,http://ufcstats.com/fighter-details/24e9d6b0a24cff9d,Dean Hancock,sparse_bio,1
5057714e-0441-5f44-b0e5-6ebdd0992aa4,http://ufcstats.com/fighter-details/885e7f70dcac0007,Del Hawkins,missing_dob,1
cac96e08-1309-59e1-8ec7-2123cec154b9,http://ufcstats.com/fighter-details/a58114c6dd0add64,Demetrius Gioulacos,sparse_bio,1
2d91e0d5-5501-5c91-9f9b-cb780bc923f6,http://ufcstats.com/fighter-details/4145caa2c999fbac,Dennis Dombrow,sparse_bio,1
a1998723-360d-5904-a54e-3792ae97c167,http://ufcstats.com/fighter-details/8e0709784259402d,Dennis Olson,sparse_bio,1
32833121-9382-555b-b4a4-1ecd72824b79,http://ufcstats.com/fighter-details/70a1c7626b5e0599,Derek Bohi,sparse_bio,1
93b47081-ea71-58b6-8058-1a4b7d4eac53,http://ufcstats.com/fighter-details/42883268854b78be,Derek Getzel,sparse_bio,1
cd39fdb7-3a44-5d38-991d-1f102d96adb5,http://ufcstats.com/fighter-details/2213330f082f82d5,Derrick Burnsed,sparse_bio,1
b70565d7-1958-5834-8320-74ba1f784a59,http://ufcstats.com/fighter-details/bf97ad31eae89429,Deshaun Johnson,sparse_bio,1
4ef9ed90-dda2-5ac4-b332-5001b3dbbb2c,http://ufcstats.com/fighter-details/22f4b6cb6b1bd7fd,Devin Johnson,sparse_bio,1
92b98b1b-55da-53f4-a8c6-7c80b10cdae7,http://ufcstats.com/fighter-details/5efaaf313b652dd7,Dewey Cooper,sparse_bio,1
ebaec54f-7b4a-59ab-9803-2ba36faf3f60,http://ufcstats.com/fighter-details/0e96af5220d27ed4,Dhafir Harris,sparse_bio,1
e800e719-6b73-535f-bd58-3fbf4c2c1f28,http://ufcstats.com/fighter-details/0db70ca89e1c7374,Dieusel Berto,sparse_bio,1
916ba248-3855-5cb9-a34d-25d869ed1468,http://ufcstats.com/fighter-details/a1d6b308781aa2f5,Dimitiri Wanderley,sparse_bio,1
95ddcf07-458f-561e-8bf3-179777801e8b,http://ufcstats.com/fighter-details/81b57acd6975ac06,Dino Pezao,sparse_bio,1
4990ce01-70f4-530c-838d-0048bb68ca5c,http://ufcstats.com/fighter-details/738acab0c6934dd8,Dmitri Stepanov,missing_dob,1
9430f321-5fa0-5426-ae53-2e568626edef,http://ufcstats.com/fighter-details/e4cbc82c36e47299,Dominik Humburger,sparse_bio,1
39d2163b-fd62-5e87-b6d5-17a9c86d0071,http://ufcstats.com/fighter-details/f59a6de8a5dfe297,Don Carlo-Clauss,sparse_bio,1
e07bd138-230e-5d85-ab64-5b3e36fd6070,http://ufcstats.com/fighter-details/8788beb528894f33,Donnie Chappell,missing_dob,1
d4c2d7d7-a574-5f8e-8331-3531ae6c85ff,http://ufcstats.com/fighter-details/a1bf037613180253,Donnie Liles,missing_dob,1
ee98c450-c9d0-5ce7-95e0-0e0a791384c6,http://ufcstats.com/fighter-details/547c5611bd366988,Doug Kay,sparse_bio,1
c1beb5f1-bd78-569f-a03a-f56b66a51364,http://ufcstats.com/fighter-details/aa571d75f80fde7d,Drew Brokenshire,sparse_bio,1
7163418f-f1ba-540f-b0dd-026dcafa031e,http://ufcstats.com/fighter-details/cc2ad11b1f9d818b,Drew Dimanlig,sparse_bio,1
1a4e8aa0-38a6-5455-95f6-586969d0ae75,http://ufcstats.com/fighter-details/34b634cb2471bdde,Drew Pendleton,sparse_bio,1
4255472b-0241-5510-b9a2-e299160c5a23,http://ufcstats.com/fighter-details/831de97afe326478,Dustin Moore,sparse_bio,1
65084311-f5bc-504d-a921-2db40c0143f3,http://ufcstats.com/fighter-details/5f5763b3a4de8dd4,Dustin West,sparse_bio,1
545ca5a2-9130-506f-b485-56d21b2ac25c,http://ufcstats.com/fighter-details/31c01fbc2586a5eb,Dwayne Cason,missing_dob,1
810b8f9d-5d32-5022-9270-b477c9e3ec76,http://ufcstats.com/fighter-details/99a86b134dccc166,Edgar Cardenas,sparse_bio,1
0c0cf4d0-0bfb-54a5-bc4b-2ff56cd1e145,http://ufcstats.com/fighter-details/a1153013cb5f628f,Edson Silva,sparse_bio,1
10b001c3-d733-5dcb-821e-c5544d95477d,http://ufcstats.com/fighter-details/84e8920e59ff14a7,Emilio Chavez,sparse_bio,1
07ee2b0e-6a85-52bd-8d04-850d2c4727e0,http://ufcstats.com/fighter-details/3aeb69b4a13ff0e8,Emilio Cuellar,sparse_bio,1
49383645-d7ab-53fc-a495-31b7062fc29d,http://ufcstats.com/fighter-details/7ee1babb99f30115,Emily Fernandez,sparse_bio,1
ba562164-bf9f-57ca-95d2-e432d9ea343a,http://ufcstats.com/fighter-details/a99d4aa689bdca18,Enrique Watson,sparse_bio,1
57f59491-cb6f-578d-af28-8dc598c601cd,http://ufcstats.com/fighter-details/a0a69dc9914ef6e1,Eric Castile,sparse_bio,1
ec943371-9606-5860-9951-6cfc7e5ef3c5,http://ufcstats.com/fighter-details/ad3fdba28a7540cf,Eric Galvan,sparse_bio,1
e68b9088-fa4a-5bbd-ab63-fac942e24cb7,http://ufcstats.com/fighter-details/ba17afef01ed78b6,Eric Jacob,sparse_bio,1
1b7dd39d-d05a-5f33-8fda-0b0d72fa6a09,http://ufcstats.com/fighter-details/8db1b36dde268ef6,Eric Magana,sparse_bio,1
46d15f6e-d7c2-5492-b4cd-a9955e615e13,http://ufcstats.com/fighter-details/abbc4fc02e0d84b3,Eric Martin,sparse_bio,1
14e95d56-000f-539e-8b81-08dcf0b763d5,http://ufcstats.com/fighter-details/79cbdf233e5e0496,Eric Schwartz,sparse_bio,1
edfc9592-07d2-5b4a-9674-42bd81021e4e,http://ufcstats.com/fighter-details/9114c8ded5ccd71d,Eric Smith,sparse_bio,1
a2f89d8f-e537-5cf4-986d-31498e6de8e9,http://ufcstats.com/fighter-details/377bc9dc0b2745f9,Eric Steenberg,sparse_bio,1
8a3fbf2a-91a7-5632-84ec-f609cf010549,http://ufcstats.com/fighter-details/eb6edce3028f05c0,Eric Wray,missing_dob,1
b8fb6b67-8db2-5f01-a568-58c6618f33ec,http://ufcstats.com/fighter-details/2b1587a3376ab743,Ernie Verdicia,missing_dob,1
137247b3-a824-52d9-9136-044a69ad80ba,http://ufcstats.com/fighter-details/ed220e87bef0cc64,Evan Esguerra,sparse_bio,1
e73552e5-68b6-50e2-8c1d-a7bc4de1700c,http://ufcstats.com/fighter-details/05e4be525cb3578c,Everett Cummings,sparse_bio,1
51691cb9-368d-5568-b56c-c219f9889cb0,http://ufcstats.com/fighter-details/69c071bc2621e8b0,Fabian Gonzalez,sparse_bio,1
2905f084-7486-56ed-8bdd-f1e0962a1db4,http://ufcstats.com/fighter-details/9561eb5f0d63ffcc,Fabiola Pidroni,sparse_bio,1
72ccf5af-0302-5b8c-9f14-6a55e6da3a0a,http://ufcstats.com/fighter-details/2252b2c892397f0d,Fazlo Mulabitinovic,sparse_bio,1
56cebaf7-c28c-53ab-9701-89d0391e9fc2,http://ufcstats.com/fighter-details/346f789951e85f3f,Fedor Nikolov,sparse_bio,1
78b94fcd-3332-5ed0-ba13-51d33616c3f2,http://ufcstats.com/fighter-details/566ff9546fc29acd,Felipe Pena,sparse_bio,1
22eb181f-14ce-56ab-9eac-c6f6bcd5387a,http://ufcstats.com/fighter-details/303e017a9074f3aa,Felipe Portela,sparse_bio,1
1f9a494a-9785-5cbd-a56b-81882bb8ec3c,http://ufcstats.com/fighter-details/8276f28f1ad087de,Felix Klinkhammer,sparse_bio,1
0a6b08e6-a539-5eb9-a65e-0eeb750d5343,http://ufcstats.com/fighter-details/6cbb7661c3258617,Felix Lee Mitchell,sparse_bio,1
4016df2d-7e86-5c73-888d-b614f4f0f1e6,http://ufcstats.com/fighter-details/7977fb0fd9c5955d,Fellipe Andrew,sparse_bio,1
2f504e8f-992e-5d6e-94a8-114c20bca890,http://ufcstats.com/fighter-details/86597694317e5e1b,Feng Pengchao,sparse_bio,1
06cb2915-c2f4-535b-b2f8-da9c40913181,http://ufcstats.com/fighter-details/a524710c3ef918fa,Fernando Bettega,sparse_bio,1
bfeeee4d-bbb3-5c3d-8206-591a9fcc3ccf,http://ufcstats.com/fighter-details/d3b5ad3b15a64a18,Francesco Maturi,sparse_bio,1
944a4e1c-431a-5f5d-999e-7ff1df0d7ce8,http://ufcstats.com/fighter-details/44f9c777fed7ca03,Frank Caracci,sparse_bio,1
7d5833d5-b1b0-5aa7-93d0-cf6cf3f9172b,http://ufcstats.com/fighter-details/c3c23c99477c041b,Frank Hamaker,sparse_bio,1
94b85e31-aeb7-560a-963e-66b5a5df44e1,http://ufcstats.com/fighter-details/c0a93b52096b7682,Frank Megallon,missing_dob,1
e57ee901-5220-52ae-af04-52d3ac1bbef4,http://ufcstats.com/fighter-details/79f60d34ad48d7a3,Frank Silva,sparse_bio,1
abae8717-bcfa-571d-b9dd-aa0b5320c784,http://ufcstats.com/fighter-details/880c6b788266a3ef,Frederick Brown,sparse_bio,1
b4b9c846-7971-5c20-8629-a5e6943a23ea,http://ufcstats.com/fighter-details/fd4578cac86d75ca,Gabe Lemley,missing_dob,1
049f52ec-82bf-5513-a8cd-a1d63471f144,http://ufcstats.com/fighter-details/db3c4a884d704efe,Gabriel Arges,sparse_bio,1
d57641d2-563e-5b23-89c3-a49aa6ccd56d,http://ufcstats.com/fighter-details/89ed44801968b8e3,Gabriel Carrasco,sparse_bio,1
a8926ee7-feca-5bf5-8db5-ef2e6504b823,http://ufcstats.com/fighter-details/a6fa5dd90528e9f7,Gabriel Miglioli,sparse_bio,1
46302af1-4b5a-549f-b499-e547bbf6f11f,http://ufcstats.com/fighter-details/8ecb9f42da5ef5ac,Gareth Joseph,sparse_bio,1
1508428e-e085-58d4-9d18-872ee6f44b06,http://ufcstats.com/fighter-details/1c0ffc63d8ec8f45,Gary Mangat,sparse_bio,1
9797c756-69fa-5363-870a-01129e8ca46c,http://ufcstats.com/fighter-details/495add4fbede0a44,Gennaro Strangis,sparse_bio,1
c17fce68-2a27-54b0-a2c3-f3ee3d0b7eb0,http://ufcstats.com/fighter-details/f0c779dc2ca3816c,George Bush,sparse_bio,1
8b3560e7-c9ac-51fa-afdb-68f2fc04e040,http://ufcstats.com/fighter-details/61dd409cb40d1a55,George Stork,sparse_bio,1
0147a4be-bcdc-5821-8eef-bd6062fc1ae2,http://ufcstats.com/fighter-details/1291dd6b8ab4d952,George Zuniga,sparse_bio,1
9dff7bee-4c49-5370-93b8-45ce192dbee6,http://ufcstats.com/fighter-details/7d6a3546c988cdc0,Gerric Hayes,sparse_bio,1
873625cb-4fc5-5301-85da-5a0070ae1bca,http://ufcstats.com/fighter-details/30cd319d39ee689b,Gerry Harris,missing_dob,1
50a0dc90-e2bd-56de-9215-854596e20a61,http://ufcstats.com/fighter-details/304fcd812f12c589,Geza Kalman,sparse_bio,1
fb8865b1-9ffc-5bb5-a61f-e3f5719d7d64,http://ufcstats.com/fighter-details/99d5cf1eda8b25c1,Gigo Jara,sparse_bio,1
8d61fec6-e0c0-5351-96e2-78ba3cbc1d3d,http://ufcstats.com/fighter-details/59d36ddfcb27b7dc,Gilbert Jimenez,sparse_bio,1
eba25154-0d19-5cb3-996a-b76d0bcdc018,http://ufcstats.com/fighter-details/6cc25d19a891f435,Gilbert Rael,sparse_bio,1
a2edeb6f-ef39-58f1-ba9f-86f5d35907fa,http://ufcstats.com/fighter-details/e2d5072048b825b1,Goldman Butler,sparse_bio,1
04dc2472-4981-5dcf-bae8-a036535bafa6,http://ufcstats.com/fighter-details/0b235384fe23fc9c,Greg Scott,sparse_bio,1
32f2566f-36bc-5849-a13f-28be60709304,http://ufcstats.com/fighter-details/91181b29be041f1c,Greg Stott,missing_dob,1
9a1c725e-6e50-5ad8-8ce8-1701571bd73c,http://ufcstats.com/fighter-details/9cc84087ee768342,Greg Wilson,sparse_bio,1
5f1a5340-5285-5b91-a57b-158e35ef9726,http://ufcstats.com/fighter-details/28877eddb1c0b967,Guilherme Costa,sparse_bio,1
3fb53f5b-a3dd-5cb7-ab62-350efaa96056,http://ufcstats.com/fighter-details/393b8e03fb410a78,Guilherme Viana,sparse_bio,1
6edd3092-846a-5dfb-b64b-47b6a847deec,http://ufcstats.com/fighter-details/d8a58e797518f011,Haisam Rida,sparse_bio,1
1f9dfe37-9ed4-50ea-9b96-2e6dd2cf9af7,http://ufcstats.com/fighter-details/6c40705cf6c0d7e2,Hamid Amiri,sparse_bio,1
32589867-9c60-511a-a193-647ea1f2f7a3,http://ufcstats.com/fighter-details/67ec58d7cf599835,Han Ten Yun,sparse_bio,1
4c14be63-ffd0-589f-a6e7-b12f6a18ad51,http://ufcstats.com/fighter-details/a2b06ca02bca14c0,Harold Howard,missing_dob,1
86ad50eb-666c-5812-bbf6-b8e1b7a4017b,http://ufcstats.com/fighter-details/4dc496aa0cfc0d95,Harry Moskowitz,missing_dob,1
a9e48774-f397-5081-8827-0a58ea65df6b,http://ufcstats.com/fighter-details/1ff10dee2f7ae60c,Haven Torres,sparse_bio,1
b5f3526b-83ef-5c90-9d52-7eda34ef22aa,http://ufcstats.com/fighter-details/3e03cec9767d37e6,He-Man Gipson,sparse_bio,1
cd68b21b-a158-5c12-abaf-9046b31612a4,http://ufcstats.com/fighter-details/a8c3ce469cb8b130,Helena Crevar,sparse_bio,1
8b6e1012-7a6d-56a6-8684-e2f8ad2bd16f,http://ufcstats.com/fighter-details/7cb0946d51b8cde7,Henry Corrales,sparse_bio,1
8f3b8ef8-51ae-57e6-998f-65cb914df1a6,http://ufcstats.com/fighter-details/61d6368013f8637f,Herman Terrado,sparse_bio,1
60f6242a-33a9-51b7-a9e5-0cd7a42b6a70,http://ufcstats.com/fighter-details/5c020ee6ab450870,Ho Taek Oh,sparse_bio,1
56a84fc0-14b7-5cd8-9fef-5ec5e31b62af,http://ufcstats.com/fighter-details/312f47c3d2f83ffa,Houston Dorr,missing_dob,1
6f7c0dc6-6dda-5978-a150-8632551ee8e9,http://ufcstats.com/fighter-details/308279bd246c211f,Hugh Pulley,sparse_bio,1
e3071ab3-cc1f-5f2f-a3e4-4097ef44e75d,http://ufcstats.com/fighter-details/2391a73686200c5d,Hugo Govea,sparse_bio,1
f2b6096c-4574-5eb3-a061-dd5fbb417aeb,http://ufcstats.com/fighter-details/9d51bcc281aa0514,Hugo Sandoval,sparse_bio,1
bc36bace-b452-536a-a4d4-c317311b2329,http://ufcstats.com/fighter-details/bfaf4c87936b4fae,Humberto DeLeon,sparse_bio,1
20e3da7b-c38e-559b-b877-e32113d2a998,http://ufcstats.com/fighter-details/8fb808fc2e145bd6,Hunter Worsham,sparse_bio,1
78d2d6f2-3a09-51c3-8d1c-4ee1ff1b142a,http://ufcstats.com/fighter-details/9d61d8cb1c354867,Hussain Rasouli,sparse_bio,1
eba96176-ce39-59e5-a731-f7eb4862d06c,http://ufcstats.com/fighter-details/c5dc1bf9b78f262c,Hyeonjong Song,sparse_bio,1
8e49e3fa-80fe-5244-8155-ee9928ed1299,http://ufcstats.com/fighter-details/6b8fd98eb52363d1,Ian Butler,sparse_bio,1
81ab632d-8070-5ed5-82d7-0d1c9e4d0e4c,http://ufcstats.com/fighter-details/06dd61c8d545c63f,Icaro Brito,sparse_bio,1
00fb1156-189d-5727-987b-e5b2a58f25d1,http://ufcstats.com/fighter-details/8cf90e41646491fd,Ilima Macfarlane,sparse_bio,1
869fc421-9b97-5577-ae6e-ec523ac36924,http://ufcstats.com/fighter-details/a68d57ae177a5815,Ilya Kotau,sparse_bio,1
10d37015-4d4c-5a18-8d3f-ecd407940965,http://ufcstats.com/fighter-details/0802be3516ef8f66,Imani Lee,sparse_bio,1
ccdab6b2-563d-5921-aa3a-e7c4d5d1ee9f,http://ufcstats.com/fighter-details/c713a845360d604b,Ion Cherdivara,sparse_bio,1
ea29d86e-818b-5946-a230-31a0ccb5c8ac,http://ufcstats.com/fighter-details/86b30a86664cb6e4,Isaiah Hill,sparse_bio,1
ce809a64-826a-5369-b5cc-fef49154214b,http://ufcstats.com/fighter-details/b8dc5fbf8338adc5,Isi Fitikefu,sparse_bio,1
14652215-86e2-505c-b097-4ec2d0fac1ea,http://ufcstats.com/fighter-details/dd1b90eea08887f6,Israel Albuquerque,sparse_bio,1
a8e8a05b-1dd2-5105-a6b5-03ac77fb5e34,http://ufcstats.com/fighter-details/01f4bcd26ac08ad5,Israel Delgado,sparse_bio,1
f61688da-8116-5ce8-a37b-9fadc74c32a2,http://ufcstats.com/fighter-details/0e2c2daf11b5d8f2,Issac DeJesus,sparse_bio,1
f7fbca0c-6bd6-5d84-aaa5-5afc59f400df,http://ufcstats.com/fighter-details/057a241e4ba90c4d,Ivan Gnizditskiy,sparse_bio,1
a8ffeda2-ec4a-5834-93bf-1cf18f32ec09,http://ufcstats.com/fighter-details/0db9d2486d564a3c,Ivan Lopez,missing_dob,1
21bd673d-f01c-5350-9c02-224c3876a47c,http://ufcstats.com/fighter-details/b23fca14c7b79935,Ivan Serati,missing_dob,1
e7dfbb75-c771-5246-8b70-c57abb0d354a,http://ufcstats.com/fighter-details/17c6e35e4da505b0,J.T Taylor,sparse_bio,1
4addcc0b-93cc-5ccd-a0d1-642c1b56168a,http://ufcstats.com/fighter-details/954e3f4e2b0e6510,JP Felty,sparse_bio,1
b53120c6-e055-51b8-8efa-2edfde9045a7,http://ufcstats.com/fighter-details/2a0b19a96f848eff,JW Wright,sparse_bio,1
4cebf578-5320-5c91-bea8-588e7d41a098,http://ufcstats.com/fighter-details/237187ed9f419285,Jack McGlaughlin,sparse_bio,1
612b1189-3141-5e80-9431-e2de455ec0b7,http://ufcstats.com/fighter-details/38fccd44d669bb2f,Jack Morrison,sparse_bio,1
ab0dec79-a6aa-5b1d-bb31-65746309f852,http://ufcstats.com/fighter-details/53e533db1b8e9712,Jack Nilson,sparse_bio,1
0f23fe67-5fc5-59f5-bd59-fc4471194371,http://ufcstats.com/fighter-details/4985113c0928aa62,Jackie Lee,sparse_bio,1
d8009127-a4a3-5b30-b484-7fd1261038dd,http://ufcstats.com/fighter-details/9bff1b4c37ebbede,Jacob Noe,sparse_bio,1
ed0d989f-c655-5cfd-948d-b9971f918bc9,http://ufcstats.com/fighter-details/fcd8b623892b9a10,James Gabert,sparse_bio,1
254e3c39-1752-5d6a-a789-9bb4ebf425cf,http://ufcstats.com/fighter-details/4b1896310a907656,Jamie Houston,sparse_bio,1
3a96741b-0670-5efd-b7bc-cf0061ebad7d,http://ufcstats.com/fighter-details/b9c3ee342eb72100,Janay Harding,sparse_bio,1
43ac60a5-46f5-59c0-b800-0ce4aad23b2d,http://ufcstats.com/fighter-details/849d15ed7e3a0e97,Jarrod Kwitty,sparse_bio,1
0c38e36a-869d-5ee3-88aa-39cd55357755,http://ufcstats.com/fighter-details/619d807fa54ae8f7,Jason Blackford,sparse_bio,1
a10e2462-7e7e-5118-a9ca-5711405969c3,http://ufcstats.com/fighter-details/adea9f0090aa8e14,Jason Fairn,sparse_bio,1
04b07eae-201c-5bf2-ae03-5d4eaf47e096,http://ufcstats.com/fighter-details/fda067e842b07466,Jason Glaza,sparse_bio,1
5b252c25-0439-5d91-be9f-1ccff40bb3a2,http://ufcstats.com/fighter-details/f53fb9d9e57cc38e,Jason Medina,sparse_bio,1
67244692-25e1-5481-a08e-bf31a057463e,http://ufcstats.com/fighter-details/285e32e41f61a5b1,Jason Sharp,sparse_bio,1
57301cbd-44b7-5651-8a46-a44e9f563fdc,http://ufcstats.com/fighter-details/2144954270be834d,Javi Alanis,sparse_bio,1
b999a999-6859-5f2f-add3-a440b6a65035,http://ufcstats.com/fighter-details/53c21779d84ceb75,Jay Bogan,sparse_bio,1
ee197917-80a9-5169-bcc2-3d2f35ae01f1,http://ufcstats.com/fighter-details/52ef95b5860fb28c,Jean Silva,duplicate_name,1
4db1a5c1-21fc-5810-84e4-fda5e07cc623,http://ufcstats.com/fighter-details/9211aae062b799d6,Jean Silva,duplicate_name,1
4c5971b9-a601-5514-801c-cea16b27e942,http://ufcstats.com/fighter-details/98601a40e9d96047,Jeff Crotty,sparse_bio,1
a7e91541-5c5d-532f-bb7c-a75b9889c307,http://ufcstats.com/fighter-details/60f86c449cd31e23,Jeff Terry,sparse_bio,1
a8d9d5d2-60f6-5c52-9817-5bf49b793dd6,http://ufcstats.com/fighter-details/4fe1d105af549845,Jeremiah Labiano,sparse_bio,1
30b1ec4f-ba19-510b-bc11-641b1ed28380,http://ufcstats.com/fighter-details/1afd74f8cb0719f3,Jeremy Boczulak,sparse_bio,1
296b13e6-02ec-591b-a9d4-8caf78341583,http://ufcstats.com/fighter-details/a47e9ec288c91067,Jeremy Freitag,sparse_bio,1
8baea722-eef2-5c92-81f0-20f21750eb85,http://ufcstats.com/fighter-details/7ada6ea792a34424,Jeremy Hamilton,sparse_bio,1
bf0e5448-7b34-5b5a-8f8f-bb00af19997d,http://ufcstats.com/fighter-details/681d07e328798ec0,Jeremy Tavares,sparse_bio,1
5630758e-b99d-5c7a-b955-cc9ec38d5dc9,http://ufcstats.com/fighter-details/4793a2d90f5ab8ae,Jeremy Umphries,sparse_bio,1
b6bfe5cf-5864-59d5-af0e-f29757c46133,http://ufcstats.com/fighter-details/b87c3f460709f74c,Jeremy Wallace,sparse_bio,1
b590b9e2-4ff9-53c7-860f-38f7b3d2343b,http://ufcstats.com/fighter-details/44a1dd0ef4373edc,Jeri Sitzes,sparse_bio,1
0e122e54-ddbf-543f-8655-961b2d158910,http://ufcstats.com/fighter-details/38b1417ec17072da,Jess Bouscal,sparse_bio,1
8d6f50e5-30a5-58d0-a644-85d42bd49fdf,http://ufcstats.com/fighter-details/a8aba6fd8a463043,Jess Liaudin,missing_dob,1
792e8893-b82f-5c11-9034-f166f4f6bd52,http://ufcstats.com/fighter-details/160b931119c1bf91,Jesse Gillespie,sparse_bio,1
8706be6c-da8b-52ba-b126-8322bfa7ec32,http://ufcstats.com/fighter-details/bc0f994de0521926,Jesse Jones,sparse_bio,1
79aebb39-817b-507e-8272-ea7f60a300d6,http://ufcstats.com/fighter-details/59aaf2730b84698a,Jesse Sanders,missing_dob,1
e77485ea-8423-5dae-a6ba-8136403c4327,http://ufcstats.com/fighter-details/1a49e0670dfaca31,Jim Mullen,missing_dob,1
e01afaf7-e0d2-513d-912e-0c5571403060,http://ufcstats.com/fighter-details/4652b685fa11e7fd,Jimmie Pace,sparse_bio,1
60f3c158-a5a4-5a0c-a10e-67a0733c1eef,http://ufcstats.com/fighter-details/371efa53bd0cf669,Jin Bala,sparse_bio,1
0009a76b-f07b-5401-ae27-4d61658f49d1,http://ufcstats.com/fighter-details/04e9955f33e0c267,Joao Paulo Faria,sparse_bio,1
3ebf1ccb-b64d-544e-b8e6-fc34049d9196,http://ufcstats.com/fighter-details/6b614bda982f5214,Joao Zaiden,sparse_bio,1
23ab101b-1db2-5e40-84ca-5f2ff12814b1,http://ufcstats.com/fighter-details/19ffeb5e3fffd6d5,Joe Charles,missing_dob,1
a6c7c74a-b252-535a-9bd1-129a6e2de4e4,http://ufcstats.com/fighter-details/454c3e9d4cd4a1b3,Joe Duarte,sparse_bio,1
26fca636-7c8d-5b7d-9518-d1984bf61293,http://ufcstats.com/fighter-details/4a76daef28549957,Joe Hernandez,sparse_bio,1
7ba75e67-1703-5075-b7e7-d9529becf005,http://ufcstats.com/fighter-details/325550dab63fb25a,Joe Martin,sparse_bio,1
03566026-6023-5bc7-b514-4ef8eac70d21,http://ufcstats.com/fighter-details/74fefd43f073cd2f,Joe Pardo,missing_dob,1
4e67d859-ade0-5970-b2f7-d1bede3dd2a4,http://ufcstats.com/fighter-details/d92e6e17f637fe4d,Joe Ray,sparse_bio,1
5d4d023b-1839-5d4c-90ee-5564245b26e1,http://ufcstats.com/fighter-details/f41fad444939056b,Joe Schilling,sparse_bio,1
7bf442ff-b8c2-55be-996b-a21010c71de2,http://ufcstats.com/fighter-details/2b33e57c4d0a4502,Joel Thomas,sparse_bio,1
724fe70d-0bc6-5e2e-a8a1-a0a893166712,http://ufcstats.com/fighter-details/30ad2050273d016a,Joey Armstrong,sparse_bio,1
50e05ba1-38bc-5879-b740-30bf01e7f8dd,http://ufcstats.com/fighter-details/3a28e1e641366308,Joey Gomez,duplicate_name,1
4e5903d4-dcf1-592c-aad1-aa0ede193441,http://ufcstats.com/fighter-details/0778f94eb5d588a5,Joey Gomez,duplicate_name,1
ebb89698-d212-5d64-a59e-53f705bbbdcf,http://ufcstats.com/fighter-details/31bbd46d57dfbcb7,John Campetella,missing_dob,1
1fa20b30-df12-58e0-99e9-069ef3d25232,http://ufcstats.com/fighter-details/a77c71a574132188,John Clarke,sparse_bio,1
8c3e1663-ad71-5368-a90b-9dc129718fbf,http://ufcstats.com/fighter-details/2bcc39af95d6f2e8,John Devine,sparse_bio,1
a91ea78e-1686-5dee-8792-c7994a23ee7f,http://ufcstats.com/fighter-details/e780ccc79a209985,John Dowdy,sparse_bio,1
d1ca76a5-1d0c-56f2-9aad-31cb0cc3a98c,http://ufcstats.com/fighter-details/22d80fb67e50ab0b,John Elam,sparse_bio,1
557b7098-7321-50de-bfaf-bb37bb213e82,http://ufcstats.com/fighter-details/a272656ad662ac53,John Kuhner,sparse_bio,1
4f7db04a-8c5f-5eb8-ab0a-1427d550959d,http://ufcstats.com/fighter-details/4a01dc8376736ef5,John Lewis,missing_dob,1
85e3d142-f93d-530a-a4e7-e408f01138d7,http://ufcstats.com/fighter-details/c933d423ebdbbbdb,John Matua,missing_dob,1
73c3424e-9e2e-51aa-8ecb-86fa949de41e,http://ufcstats.com/fighter-details/e873203fd50542f6,John Paul Elias,sparse_bio,1
1a30cea5-5af5-5148-b1ac-f1efb8ddeca6,http://ufcstats.com/fighter-details/fb4ca5c7e4448645,John Reedy,sparse_bio,1
eb63269d-b730-5b2a-a329-1c37f9072692,http://ufcstats.com/fighter-details/b3e5a460b6851080,John Richard,sparse_bio,1
c8b6a804-67cd-57e7-b0d9-8bc2944d730d,http://ufcstats.com/fighter-details/3e36811b7bc1f6ad,John Salgado,sparse_bio,1
783a54e1-ab0f-5053-86e7-804b70e899cc,http://ufcstats.com/fighter-details/40eb2aef4d5577d4,John Yoo,sparse_bio,1
75c1967c-463c-51b4-80d7-4033969803b5,http://ufcstats.com/fighter-details/319fa1bd3176bded,Johnny Rhodes,missing_dob,1
2d697028-533c-5357-b564-98b5760e262a,http://ufcstats.com/fighter-details/32a3025d5db456ae,Jon Hess,sparse_bio,1
a07ea601-3666-56b2-a66b-2c7b671ed63d,http://ufcstats.com/fighter-details/2694c4997a51ed01,Jon Kunneman,sparse_bio,1
db28bf59-3e3e-5261-906d-b28d04d126cc,http://ufcstats.com/fighter-details/06d4eb8123087123,Jonathan Contrestano,sparse_bio,1
915fd3cb-f05e-5338-9b4a-d7f490627fb0,http://ufcstats.com/fighter-details/2226445c4a196dc8,Jonathan Figueroa,sparse_bio,1
36429d40-5b66-5682-9e00-40c8272a8db3,http://ufcstats.com/fighter-details/145df84ea4dfd904,Jonathan Rivera,sparse_bio,1
de745b3f-d5f9-5e22-9b6d-b9d0abfb40f5,http://ufcstats.com/fighter-details/3143e5daff9e5b71,Jonathan Santa Maria,sparse_bio,1
89d22dc5-bc55-5e86-baad-7bc1740ff69d,http://ufcstats.com/fighter-details/380e8b023290d091,Jong Wang Kim,sparse_bio,1
1e10d14b-02bd-5ade-86d6-51d55f1177d6,http://ufcstats.com/fighter-details/0d49ddc07bd8c747,Jonny Carson,sparse_bio,1
c9f02945-7a8d-535f-80e1-976a6d1c0dae,http://ufcstats.com/fighter-details/e86af30738a5452a,Jonny Goh,sparse_bio,1
6e94c004-68ae-5c5e-a334-064c05bd66b9,http://ufcstats.com/fighter-details/34dbcd4dbaf21a36,Jordan Bailey,sparse_bio,1
7c537f51-d9d0-5b22-baae-2185cadef8e5,http://ufcstats.com/fighter-details/0d9312337fdce39a,Jordan Dowdy,sparse_bio,1
e6097783-58e3-506d-a58c-22214df170ca,http://ufcstats.com/fighter-details/7f98d9d5a10fa25c,Jordan Goodwin,sparse_bio,1
3e5b137e-6409-580c-99ce-ccb09147d489,http://ufcstats.com/fighter-details/1e75e6c9de99fa76,Jorge Interiano,sparse_bio,1
2b678ae0-e99b-5cef-96c6-765e75e12efa,http://ufcstats.com/fighter-details/bec2746f033802c3,Jorge Oliveira,sparse_bio,1
ce80145d-8a60-56a4-a248-8ad9e5a8feee,http://ufcstats.com/fighter-details/9c5828c6fd9dc948,Jorge Ortiz,missing_dob,1
d6781f97-74a3-52ee-8fd0-bf68e9f30fc0,http://ufcstats.com/fighter-details/c32eab6c2119e989,Jose Barreto,sparse_bio,1
445fdc96-c66b-55a0-a66a-90206514fb64,http://ufcstats.com/fighter-details/4e30f2761b6bd3b5,Jose Montanha,sparse_bio,1
4931cd1e-9aca-5c2f-98de-133eae215076,http://ufcstats.com/fighter-details/89578ae236ee04e9,Jose Perez,sparse_bio,1
2f3d5b4a-2c64-57a6-9406-9875bed2b353,http://ufcstats.com/fighter-details/8299206ccebc44a7,Jose Santibanez,sparse_bio,1
88133c62-d5df-5c3b-bfc3-ff9207c34e88,http://ufcstats.com/fighter-details/c3ac8d0da7b05772,Josh Bennett,missing_dob,1
583045d0-c9a1-5f40-a0b9-aef2b064e438,http://ufcstats.com/fighter-details/984b0c4c6e773a1c,Josh Epps,sparse_bio,1
5d5b7b8f-10a6-5531-8ca6-5ff8fe9c0f08,http://ufcstats.com/fighter-details/32e8e0e8498f03c2,Josh Jarvis,sparse_bio,1
05c455f0-3cf8-5463-89b8-9bb5e4eacfe8,http://ufcstats.com/fighter-details/5108b169b5fe1f86,Josh LaBerge,sparse_bio,1
87e9037b-9d85-59b0-aaab-ee5ef053f407,http://ufcstats.com/fighter-details/b507a76087e3ed9f,Josh McDonald,sparse_bio,1
27ee1dd2-5ef3-50f0-a935-bfac6e655e98,http://ufcstats.com/fighter-details/0b534765dca35e71,Josh Neal,sparse_bio,1
8fa98d44-82a0-5be5-bac1-3d7467d13228,http://ufcstats.com/fighter-details/983e281d257c24dc,Josh San Diego,sparse_bio,1
05cbb484-3805-5b02-8167-2400bf7abbdc,http://ufcstats.com/fighter-details/601cf40c09090853,Josh Stuart,sparse_bio,1
fa8eddcd-cf46-5a7d-b2d9-e120f2da32dd,http://ufcstats.com/fighter-details/39f62b833e4cf126,Juan Alcain,sparse_bio,1
5d8b2e24-81d0-5084-ad23-b0f6aa55ac81,http://ufcstats.com/fighter-details/601f8439a0277670,Juan Cabrera,sparse_bio,1
12d4907e-1cf0-5516-b31e-63e218203ae2,http://ufcstats.com/fighter-details/be8ad887e4d674b0,Juan Miranda,sparse_bio,1
a08b75c0-7b47-5b53-8ef5-54bd9186177a,http://ufcstats.com/fighter-details/c6da1c24fe473418,Julian Sanchez,missing_dob,1
258b5e7d-37ee-5fbc-bb19-fd1fa98d07c7,http://ufcstats.com/fighter-details/8b27d25ce0221d60,Junye Gao,sparse_bio,1
d7c53ebc-7d12-5c99-80dd-78e98ed00ca7,http://ufcstats.com/fighter-details/985bca5a097fb3f4,Justin DeMoney,sparse_bio,1
e02201e5-bc5a-5baa-84ae-6ec576b16a69,http://ufcstats.com/fighter-details/ae954fd497025462,Justin Governale,sparse_bio,1
8ae7c77f-c821-5d39-9d9b-014d5248452a,http://ufcstats.com/fighter-details/3da19339ee7051d5,Justin Martin,sparse_bio,1
b9bb5ba4-b8fa-5dbd-9ef9-0bf7c2682307,http://ufcstats.com/fighter-details/0699c4b2a7c3c76f,Justin Pennington,sparse_bio,1
4e9e0e0d-81cb-51c4-877a-69bed3f6be8f,http://ufcstats.com/fighter-details/c5776fa8f4bf77aa,Justin Smitley,sparse_bio,1
43c916ff-0137-500a-bf3b-1700388f6bd8,http://ufcstats.com/fighter-details/712aa894b3a344df,Kain Royer,sparse_bio,1
df6465fb-b65e-5262-b7f4-14afd5f9748d,http://ufcstats.com/fighter-details/263af068bd986548,Kaline Medeiros,sparse_bio,1
ccdf028f-f7c1-5692-8787-3f91bdef4309,http://ufcstats.com/fighter-details/26f4288e83188c61,Kantharaj Agasa,sparse_bio,1
54f92f6e-7a88-5513-8f9b-490dcd240859,http://ufcstats.com/fighter-details/95883dbdab4fcf0f,Karl Willis,sparse_bio,1
021d8467-ab89-50fb-82c5-5008fdd088eb,http://ufcstats.com/fighter-details/bdd16cd6b29cb499,Keenan Raymond,sparse_bio,1
1e5591a4-cc5c-52cc-bc92-ed07adf38c77,http://ufcstats.com/fighter-details/782a2a17d3e38fdf,Keigo Kunihara,missing_dob,1
fc94dc2c-d7c0-5f64-9ddf-d3798739d011,http://ufcstats.com/fighter-details/f62850b3c7480db9,Keith Mielke,sparse_bio,1
900a9fbc-7eea-54ce-bbeb-7716c6b211fa,http://ufcstats.com/fighter-details/eb84192d1a97f69e,Kemran Lachinov,sparse_bio,1
539799e2-dc09-563c-8251-eba7bee0d66c,http://ufcstats.com/fighter-details/63d071997c75e3fd,Kennedy Freeman,sparse_bio,1
029298ba-b999-5565-b14c-682a6ce283b0,http://ufcstats.com/fighter-details/daf9be103c1edbbd,Kenny Ento,sparse_bio,1
eb48124d-88c4-5df2-8d45-2cc6ec8c2408,http://ufcstats.com/fighter-details/56c5132870a526d5,Kenyon Jackson,sparse_bio,1
e75d7b67-beae-56a6-a347-847822264d04,http://ufcstats.com/fighter-details/df0a1c1e11ad199b,Kerry Vera,missing_dob,1
a3331e7f-5035-5a63-926c-9fa6d882b620,http://ufcstats.com/fighter-details/d2f310b5b072e986,Kevin Engel,sparse_bio,1
bbfe303c-2e0f-58a3-a25b-9f8e2a7a9919,http://ufcstats.com/fighter-details/439d4bbefd4e6940,Kevin Haley,sparse_bio,1
1abd8bc4-dfab-596f-960d-329f19fa7503,http://ufcstats.com/fighter-details/1abf785143f8d5ec,Kevin Roddy,sparse_bio,1
4601c8b2-bcfc-54ab-bcad-ee99e732b9f5,http://ufcstats.com/fighter-details/598a58db87b890ee,Kevin Rosier,missing_dob,1
fc943121-b03f-5cb4-9279-8b55f0571a80,http://ufcstats.com/fighter-details/52a003d768f10d91,Khomkrit Niimi,sparse_bio,1
8aa2d51d-b0fb-5d9a-821d-7de08699ef0b,http://ufcstats.com/fighter-details/1bda4867f1baceac,Kier Gooch,sparse_bio,1
4eedc176-be1f-524a-9bba-af1e7aaa7f39,http://ufcstats.com/fighter-details/ae922e7d9e852d7a,Kin Moy,sparse_bio,1
39c757b7-a3c6-5591-8807-f4666cdd47a9,http://ufcstats.com/fighter-details/10ccdcd14c3dfcf1,Krishaun Gilmore,sparse_bio,1
e3979847-bafa-5521-9d2b-a10b5b08313e,http://ufcstats.com/fighter-details/f84dfc5a8d178403,Kurt Osiander,sparse_bio,1
ba4f92bb-d668-5965-853f-45c5f3bb3491,http://ufcstats.com/fighter-details/9d455d5cfe6a0e35,Kyle Bolt,sparse_bio,1
758b1668-4271-52bf-9f6e-41efb786ea68,http://ufcstats.com/fighter-details/b490def93478ae29,Kyle Kurtz,sparse_bio,1
528d7ea2-0c0b-5fa3-9c36-eda6ce00a941,http://ufcstats.com/fighter-details/81ddc98fceb30086,Kyle Levinton,sparse_bio,1
fef7ae04-63e3-5a08-82af-f8aeaf6ba3f0,http://ufcstats.com/fighter-details/7333d6e0f6428acb,Kyle Reyes,sparse_bio,1
dfbe9da1-3c42-5702-a453-ba6dca813c8d,http://ufcstats.com/fighter-details/46f11d15c0134fe3,Larry Cureton,missing_dob,1
bd7829f9-3722-564d-a33b-eb5bc548df39,http://ufcstats.com/fighter-details/88432fe79d5091d9,Lee Higgins,sparse_bio,1
b4e67355-8ef5-5f2a-a4b5-004b8677dba3,http://ufcstats.com/fighter-details/a993ef2dd36cea5f,Lemont Davis,missing_dob,1
03521ebd-cc89-59f0-b8a0-8644a73c757d,http://ufcstats.com/fighter-details/41b34b7f11f6d085,Levi Alford,sparse_bio,1
40809a59-34b8-5b00-8768-c4b834b04f14,http://ufcstats.com/fighter-details/843dd76c50cae0f6,Lina Kvokov,missing_dob,1
6ad05b09-08fb-50a7-b8ee-30123cf2b7d8,http://ufcstats.com/fighter-details/b8980dd7e8fc5976,Lionel Lanham,sparse_bio,1
55747cbd-6779-58be-805c-eb406632194f,http://ufcstats.com/fighter-details/47e0b5833e6bc91a,Logan Nail,sparse_bio,1
842d174f-42d7-534c-bc31-649438d47c1c,http://ufcstats.com/fighter-details/133a9d2e6efd8a50,Logan Woods,sparse_bio,1
cdf9ffbf-c8d2-5860-852b-1d0ce35d2d1f,http://ufcstats.com/fighter-details/fb0b6593cec84356,Lolohea Mahe,sparse_bio,1
6c7f6c10-32e7-57f4-ad0e-70d39eb8a69a,http://ufcstats.com/fighter-details/0e8744ded08ee5fb,Louis Jauregui,sparse_bio,1
44cb2fe3-a2be-5f1e-97c1-339e9d2eb249,http://ufcstats.com/fighter-details/1ffc38f67785797b,Lowell Anderson,missing_dob,1
1b9f2146-71d6-54ae-99ec-bce9deb795da,http://ufcstats.com/fighter-details/dc1bfd47c3b21ad3,Lu Zhengyong,sparse_bio,1
f00cc4e3-3103-54c5-8019-1d090d5553ed,http://ufcstats.com/fighter-details/8691881b31c16b88,Luc Bondole,sparse_bio,1
81f5dcf7-073a-5d6c-97b8-deb10a970af4,http://ufcstats.com/fighter-details/289a3b69b85da7cd,Lucas Gamaza,sparse_bio,1
881ce6c0-a4c8-5a20-8446-65cbd3fddfb9,http://ufcstats.com/fighter-details/93e4754d0984c82f,Lucas Stark,sparse_bio,1
46b89dc8-84d1-589c-814d-c453f0d259f5,http://ufcstats.com/fighter-details/28200bc87367614f,Luis Mendoza,sparse_bio,1
5229da26-2e7d-52a3-9251-72bc1bb56e3f,http://ufcstats.com/fighter-details/5a8e30ed38a5bc6f,Lukasz Les,sparse_bio,1
6d5731ea-d11e-53e1-96cf-19f1e111b3e6,http://ufcstats.com/fighter-details/34f3869747bf8fa9,Luke Hartwig,sparse_bio,1
3d7ec282-d3e6-5009-b3e1-3195006f743c,http://ufcstats.com/fighter-details/27b1a406ac171b19,Luke Stewart,missing_dob,1
15ed0e7d-b170-59fb-9d8d-4b88c3a819e3,http://ufcstats.com/fighter-details/106a925d947a0de9,Mack Brewer,sparse_bio,1
346a1bf4-f5d0-531e-b30f-5296e2180da5,http://ufcstats.com/fighter-details/4e77d070239699e2,Maiju Kujala,sparse_bio,1
c8cd4382-c5ed-5dcd-a3bf-9adb1c8caaff,http://ufcstats.com/fighter-details/a31dfd9e8b2dc6ca,Maka Watson,sparse_bio,1
d9699269-2b14-51c7-90e6-7708eab64829,http://ufcstats.com/fighter-details/e90d9d0681270953,Marc Cofer,sparse_bio,1
3aa8761d-b79e-5b64-a3b7-fff5764bcf92,http://ufcstats.com/fighter-details/672ef06fd9f41f7d,Marcelo Mello,missing_dob,1
a6a86969-16e5-52b9-a318-5f216cb8afee,http://ufcstats.com/fighter-details/d311fbefff44a39b,Marcos Bonilla,sparse_bio,1
79af63cb-1041-50a2-8fdc-270d46e5fdb6,http://ufcstats.com/fighter-details/e8fb8e53bc2e29d6,Marcus Bossett,missing_dob,1
1e283004-6065-50ae-adab-8d571ed84cc0,http://ufcstats.com/fighter-details/ad0e42800a0d8977,Marcus Kowal,sparse_bio,1
aa3c2335-c3d4-5242-94b5-75a77719197e,http://ufcstats.com/fighter-details/1209b5134401ca53,Mario Neto,missing_dob,1
7afad697-e4f2-5035-805e-bb63a546bc86,http://ufcstats.com/fighter-details/0f7210aa8d61af8d,Mario Rivera,sparse_bio,1
da0611cd-cb79-5d10-8a01-e96ab6e98fbb,http://ufcstats.com/fighter-details/cac3aaa66c20bee1,Mario Soto,sparse_bio,1
2971e548-06ca-53e3-9da5-cd5c14596e66,http://ufcstats.com/fighter-details/4604ab1de9058474,Mark Robinson,missing_dob,1
28f05680-8c9b-5c27-844d-707c467cfb15,http://ufcstats.com/fighter-details/771b60ff889661c8,Mark Scanlon,missing_dob,1
42e56b1c-96b2-54bf-83a1-4d358a14a804,http://ufcstats.com/fighter-details/ef0344ed552d8a22,Mark Vorgeas,sparse_bio,1
1fadf138-141d-5570-9f4f-5ce2a1d736bf,http://ufcstats.com/fighter-details/6e9b5c74c0860deb,Marko Damiani,sparse_bio,1
891ccf1a-2529-568a-b023-f550bd90ec5c,http://ufcstats.com/fighter-details/9eedac48b497de5a,Marlon Sims,sparse_bio,1
ce24d4c9-ca90-58b0-a943-8380dbf2413f,http://ufcstats.com/fighter-details/55a80a9365bc107d,Marques Daniels,sparse_bio,1
ab28b81e-1380-53d0-83fd-8dbb8c623065,http://ufcstats.com/fighter-details/e5ce754b01f922be,Marvin Maldonado,sparse_bio,1
6a5e3fd2-3388-5a15-a1a2-46626725309a,http://ufcstats.com/fighter-details/02a65a55f25fb4f3,Masakatsu Okuda,sparse_bio,1
e3f66bd5-44cb-5a86-9a83-3f4f33ca16a0,http://ufcstats.com/fighter-details/3a7513372f79c8c8,Masanori Suda,missing_dob,1
3a78ca2d-3dff-5616-b1ab-61d23a7a8679,http://ufcstats.com/fighter-details/d745d4146be48679,Mason Fowler,sparse_bio,1
4ada9a50-1d8a-5d02-96cb-5a9a20cfbcf0,http://ufcstats.com/fighter-details/cacfd51b8e97ace0,Matt Helm,sparse_bio,1
e0002c6c-6beb-53ea-b657-e3b33376b784,http://ufcstats.com/fighter-details/f354c50b8d63d9b3,Matt Pedro,sparse_bio,1
3605ffa0-06f0-53bc-b4da-850b098f06cd,http://ufcstats.com/fighter-details/96c05ba5ab9eccaf,Matt Ramirez,sparse_bio,1
38366d58-c1aa-5e86-b345-7fd4a2e4c449,http://ufcstats.com/fighter-details/343d57cde1a14338,Matt Ricehouse,sparse_bio,1
39d4e7d8-8d3b-563a-8d22-66a5e6f7cb8c,http://ufcstats.com/fighter-details/4acb99524a9a81ab,Maurice Eazel,sparse_bio,1
3965b2f5-3c75-5cb9-a78b-f5a7f1c5a006,http://ufcstats.com/fighter-details/69d3fa376ff2595e,Max Martyniouk,sparse_bio,1
58ff0f67-e336-5f20-9a87-6ef7a0f48881,http://ufcstats.com/fighter-details/1e47dba648ea438c,Merritt Warren,missing_dob,1
e5b06d78-d361-5f30-a141-2aadc4916d8d,http://ufcstats.com/fighter-details/dc63542668295c23,Michael Bravo,sparse_bio,1
ef40721e-45d6-59ba-988d-9de3f601da65,http://ufcstats.com/fighter-details/5e7a48e469770615,Michael Diaz,sparse_bio,1
5810e1bd-0ded-5aea-85d7-bf43471a4c28,http://ufcstats.com/fighter-details/f1fd8ec1023c89b3,Michael Lerma,sparse_bio,1
c5fd8c1b-4d19-56a7-bb06-25929773b3d4,http://ufcstats.com/fighter-details/9297ce6eee046f7a,Michael Mangan,sparse_bio,1
2dee3653-f165-502f-832e-bd65deaaaec6,http://ufcstats.com/fighter-details/d0314416a7f26527,Michael McDonald,duplicate_name,1
b1a0b1fc-9e18-5f50-8548-4a3881c7127d,http://ufcstats.com/fighter-details/d52ef694108f8235,Michael McDonald,duplicate_name,1
2ca130dc-2275-5996-a4b6-b13445ad3be3,http://ufcstats.com/fighter-details/83d0de122f2f9664,Michael Patt,missing_dob,1
d32253fc-cef6-5cd4-8399-a9bada901e9e,http://ufcstats.com/fighter-details/118463dd8db16e7f,Michelle Maher,sparse_bio,1
bcb9eb45-d112-5d52-a5ee-0d66b9b7a7e2,http://ufcstats.com/fighter-details/18c49685296c60e6,Miguel Linares,sparse_bio,1
58541059-51aa-52a8-b2ad-feb15b787c24,http://ufcstats.com/fighter-details/41dca66f9dadfc86,Miika Mehmet,sparse_bio,1
bea65402-e785-55f8-8858-883fd52ee36b,http://ufcstats.com/fighter-details/c11036da9162cb5f,Mike Altman,missing_dob,1
2d633fbd-197f-5f55-aa55-b46f67dd047a,http://ufcstats.com/fighter-details/fb3e61720be4690c,Mike Davis,duplicate_name,1
5ffdd8b1-3cbb-53b2-a39b-c0934b1c493b,http://ufcstats.com/fighter-details/ed133185689088b3,Mike Glenn,sparse_bio,1
fb0c6a79-0bd9-52df-aab0-46832dd7735f,http://ufcstats.com/fighter-details/c8aa3541bec4042e,Mike Minniger,sparse_bio,1
30b1f2ef-ff4d-556a-98f6-23d9c008ff54,http://ufcstats.com/fighter-details/bb2eee4fb3259c01,Mike Moreno,sparse_bio,1
941c1bf1-47ba-535a-b1ba-4dd6ba5e3e6d,http://ufcstats.com/fighter-details/6d3398b910461f2f,Mike Zichelle,sparse_bio,1
023a63ed-ae7f-5bb8-94a4-f943ff37bddf,http://ufcstats.com/fighter-details/277ffed20cf07aea,Milco Voorn,sparse_bio,1
c6b25043-48e3-57e5-9c2f-10c38c71bcbe,http://ufcstats.com/fighter-details/d4a12dfa4067742f,Murad Chunkaiev,missing_dob,1
e4b905af-729d-5170-a0d8-383c13961a85,http://ufcstats.com/fighter-details/69108cb8b32efe04,Mychal Clark,missing_dob,1
3d24d873-1b61-5a5b-94cc-86e5ac1deaf8,http://ufcstats.com/fighter-details/0798f558681d0eb5,Neal Ewing,sparse_bio,1
d6088b64-fba6-5452-85ca-c3662d299dc5,http://ufcstats.com/fighter-details/6b7bc7eaf2465387,Neil Wain,missing_dob,1
32da3ca3-52b4-52cc-a619-68ea152a91ce,http://ufcstats.com/fighter-details/12d855d12a624da2,Neiman Gracie,sparse_bio,1
7669da9c-08e4-580a-9f21-8431aa1ce694,http://ufcstats.com/fighter-details/efab191f204ffa17,Nicholas Sergiacomi,sparse_bio,1
db33e28a-dac1-5527-85ff-219327172742,http://ufcstats.com/fighter-details/78a5eea49638685d,Nick Barnes,sparse_bio,1
553872c4-7d28-5ad4-b56e-d0380ae6edf9,http://ufcstats.com/fighter-details/51b1ca2a4b064101,Nick Bustamante,sparse_bio,1
bac1e5a7-ac50-5d1a-aa70-e4e7b6d96902,http://ufcstats.com/fighter-details/8a04d94dfcfab159,Nick Garcia,sparse_bio,1
1369832b-81a5-5f17-95b5-0ccf0148f274,http://ufcstats.com/fighter-details/96a221341035b701,Nick Gibbons,sparse_bio,1
5fe86470-78f5-5f67-9762-d03f4848b8e6,http://ufcstats.com/fighter-details/2f6dc878d653c442,Nick Meregali,sparse_bio,1
ba145331-4217-5850-b1bf-309f3a366bad,http://ufcstats.com/fighter-details/7922e8269adcc25a,Nick Pica,sparse_bio,1
54141402-9d4b-5b99-b8c8-507174226a98,http://ufcstats.com/fighter-details/df7d386a54e07446,Nick Piedmont,sparse_bio,1
a3e4668a-6027-5df8-9d8b-f69eaa500e8c,http://ufcstats.com/fighter-details/7d68f3bec89e08ec,Nick Sperling,sparse_bio,1
eb64bbd4-3429-5d3b-adef-0314ae4d548f,http://ufcstats.com/fighter-details/ca936c67687789e9,Nik Theotikos,sparse_bio,1
beac5c6a-748b-5fc1-8f86-2588e01a51d0,http://ufcstats.com/fighter-details/a6aa3157e1a1d104,Nikola Joksovic,sparse_bio,1
ff17870d-8d7a-50b8-8002-3b21c57cff6a,http://ufcstats.com/fighter-details/3f3550bf126a5721,Nikolajus Cilkinas,sparse_bio,1
0f29980e-f55f-5216-af5a-3b2ab9e0b7fc,http://ufcstats.com/fighter-details/df2cf66d8c0123db,Noe Hernandez,sparse_bio,1
bb7594aa-14bf-562d-9198-c8ea5df06497,http://ufcstats.com/fighter-details/1a50e734bb54861a,OJ Dominguez,sparse_bio,1
5ff18015-81d6-5a11-bf80-6708b5968e01,http://ufcstats.com/fighter-details/96d173b7f92aa520,Onassis Parungao,sparse_bio,1
46cae80f-5c85-5f08-a547-629003d21567,http://ufcstats.com/fighter-details/b180f05acb24d430,Patrick Kaase,sparse_bio,1
f8ca455b-ce03-5839-8115-c283fed25e84,http://ufcstats.com/fighter-details/eca7e064746c161a,Patrick Murphy,sparse_bio,1
28557b55-a6f6-5a66-84ad-35640ae02404,http://ufcstats.com/fighter-details/ae4650eb56ab6a11,Patrick Speight,missing_dob,1
82aecfb3-5bc3-5fde-927c-5cd2d6e48604,http://ufcstats.com/fighter-details/4e163b53d1de1fbc,Patryk Grabowski,sparse_bio,1
053a7489-e5f4-5b0a-b782-72617a304920,http://ufcstats.com/fighter-details/9775eabcb1be1a00,Paul Song,sparse_bio,1
bbd9371e-3729-5798-85f3-69420c5d1ac8,http://ufcstats.com/fighter-details/7ca4c3f8aa8bacae,Paulo Santos,sparse_bio,1
a99aaa34-72c5-5e47-b642-9d6050189b0d,http://ufcstats.com/fighter-details/5921fd3f889afa3b,Pedro Rocha,sparse_bio,1
732c4d99-01f6-506f-9a4a-ba59eae3b9cb,http://ufcstats.com/fighter-details/36f3d235493d35ad,Pete Rogers Jr.,sparse_bio,1
be187715-5815-587b-b341-2b67faae13a4,http://ufcstats.com/fighter-details/7956f026e2672c47,Pete Sabala,sparse_bio,1
6be4cbee-a2be-57b6-98d9-34134280401c,http://ufcstats.com/fighter-details/eee8efec7b951d84,Philip Perez,missing_dob,1
d5467c51-f6bf-5783-b127-b2ef5c571c30,http://ufcstats.com/fighter-details/6597b611f1c32555,Philip Preece,missing_dob,1
678811ef-12eb-5491-a32f-83ab725d83f1,http://ufcstats.com/fighter-details/b36874652ed7715d,Pro Escobedo,sparse_bio,1
815de680-6741-56a3-b534-35575c5779e4,http://ufcstats.com/fighter-details/15b1f83a90302adf,Quentin Pasley,sparse_bio,1
7318fb80-e08b-5a9a-b553-554489dd4009,http://ufcstats.com/fighter-details/8e32bfcff3ec1717,RJ Clifford,sparse_bio,1
e68fd17d-b2b5-566c-a5cb-a2219acce1be,http://ufcstats.com/fighter-details/08a7080ff5904661,Rafael Carino,missing_dob,1
9e2cd85b-6ab5-5478-950e-db484bbe5fc2,http://ufcstats.com/fighter-details/e82b2adcaeff71ec,Rafael Del Real,sparse_bio,1
b2ae3664-80c3-5071-85a1-36612f0d458a,http://ufcstats.com/fighter-details/14b9e0f2679a2205,Rafael Freitas,sparse_bio,1
7581b5f3-bf75-5f98-8ea0-522c8b5af031,http://ufcstats.com/fighter-details/2f5754b48eab1486,Rafael Rios,sparse_bio,1
666cfb50-252d-5d61-859e-3e6c141c016e,http://ufcstats.com/fighter-details/577ec7e108b94be3,Rainy Martinez,missing_dob,1
b15f3088-ff28-5b8d-bc17-c6431a8176a1,http://ufcstats.com/fighter-details/b4f7a2d8ecc5e0c3,Ralph Dillon,missing_dob,1
6d0b335a-24b5-5abf-9e33-98a518e677b6,http://ufcstats.com/fighter-details/ed069a95aaaf4f56,Raou Raou,missing_dob,1
25f01a1d-45ef-5ac9-9139-175d4f316a36,http://ufcstats.com/fighter-details/e601d71cf8e5be22,Rashard Lovelace,sparse_bio,1
6b3a4bd5-0bc8-594f-9cf7-1806b5588f30,http://ufcstats.com/fighter-details/feeae92f951f49a9,Raul Castillo,missing_dob,1
873064fe-0690-57eb-bcaf-712a1573f5b3,http://ufcstats.com/fighter-details/f9ad10f6a49e5452,Raul Sandoval,sparse_bio,1
38620238-37fc-56aa-b394-18992c81e5ac,http://ufcstats.com/fighter-details/cba3a2dfbc06ce79,Ray Routh,missing_dob,1
b59e64e0-c01c-5c6a-b8b3-f65eef8cafb9,http://ufcstats.com/fighter-details/ea0ad155451ed1f5,Ray Wizard,sparse_bio,1
a3157006-442a-5f99-89f2-9249b34fe7b9,http://ufcstats.com/fighter-details/9f5609dba6584ab2,Regina Malpica Rivera,sparse_bio,1
e26ead7e-7028-5705-8be3-cf2037fa8272,http://ufcstats.com/fighter-details/e5512a6aed150d8f,Remo Cardarelli,sparse_bio,1
b312b009-c59d-595e-b58e-dd8dae024dea,http://ufcstats.com/fighter-details/b5ea750025697880,Rex Holman,missing_dob,1
cfeb32d7-2df2-57a1-acbd-61a4fc684335,http://ufcstats.com/fighter-details/90063913321e7670,Reza Arianto,sparse_bio,1
785c00f3-d1f1-53f9-bbb0-dd7a9376c200,http://ufcstats.com/fighter-details/d41937647eae9a34,Reza Nasri,missing_dob,1
5a587c53-ff36-5db3-b8f5-cb876039cd4c,http://ufcstats.com/fighter-details/15f4550e017f6c7d,Rhadi Ferguson,sparse_bio,1
f935550e-3a71-5351-ab60-4bbb8d3ce01c,http://ufcstats.com/fighter-details/611b9c068c9e2c44,Rich Bouphanouvong,sparse_bio,1
0d385fa6-2f2d-527c-b53d-23cd4f431f98,http://ufcstats.com/fighter-details/2549d63da9c456cb,Rick Davis,missing_dob,1
88ffe6eb-15b2-5fcd-a0c5-cd2252407e62,http://ufcstats.com/fighter-details/4a99978a0366bb29,Ricky Camp,sparse_bio,1
32e5d052-c705-510c-b13a-c3fcd5c1c172,http://ufcstats.com/fighter-details/fa2fca260beeb9c0,Ricky Johnson,missing_dob,1
f058d3b8-d5ca-5045-a0f8-7450b4a95d65,http://ufcstats.com/fighter-details/c61b49cec6abd6b9,Rico Altamirano,sparse_bio,1
26007dd1-645e-5646-82d7-106d3179fc93,http://ufcstats.com/fighter-details/e319d6697d41f3cf,Robert Breslin,sparse_bio,1
08857160-00e6-51b1-af8e-e4f05b9551ae,http://ufcstats.com/fighter-details/b72f3cafa6376e35,Robert Densley,sparse_bio,1
a6bfc2d8-8aed-5910-83bb-5d0eeec8f8b2,http://ufcstats.com/fighter-details/96087e90d900f0ef,Robert Lucarelli,sparse_bio,1
53082690-b6c7-5c52-9e37-a80b514965ce,http://ufcstats.com/fighter-details/9d7fbf438766791f,Roberta Rovel,sparse_bio,1
3e6e8d59-abeb-5582-8c7c-03c45295e0ca,http://ufcstats.com/fighter-details/10e04e5e81f391a0,Rocky Long,sparse_bio,1
d6cb0d2e-2dd5-51d5-ae91-535aae10c478,http://ufcstats.com/fighter-details/dde70a112e053a6c,Rodrigo Gripp de Sousa,missing_dob,1
83960911-9d2f-587b-aa89-89ae50f83749,http://ufcstats.com/fighter-details/572a89dbe1f76761,Roger Carroll,sparse_bio,1
eec8b219-f049-5f07-adbb-1d1053e31924,http://ufcstats.com/fighter-details/2e04a3b4a2011b97,Roland Payne,missing_dob,1
ad87a797-bde5-5968-a5f9-64acdc1cc18b,http://ufcstats.com/fighter-details/4a9e305633f3ef47,Rolando Perez,missing_dob,1
cb0b72b5-1a92-59e3-9027-2b377184af29,http://ufcstats.com/fighter-details/37ce890a4670b287,Roman Bravo-Young,sparse_bio,1
dbe423a7-ec54-5df6-ba31-6453dc593755,http://ufcstats.com/fighter-details/498f0d066396ec59,Ron Henderson,sparse_bio,1
07a70519-0a61-50fc-b165-de649724bac5,http://ufcstats.com/fighter-details/b84f34b425dfd24b,Ron Keslar,sparse_bio,1
f74edf9a-125b-5c6a-b8fb-7fc206f77544,http://ufcstats.com/fighter-details/743fd9080892501d,Ron Sparks,sparse_bio,1
640aeaf1-fb5e-58f2-99b4-b63a13d058c1,http://ufcstats.com/fighter-details/cbd022eaf2ac546a,Ronald Carillo,sparse_bio,1
505cd25a-4bfb-5c40-8ab7-8cc8c13e3365,http://ufcstats.com/fighter-details/b301292b1bc92bdb,Roshan Mainam,sparse_bio,1
c7001154-6a5e-5bd5-bfe3-a7e5f094923e,http://ufcstats.com/fighter-details/8a9f54b9056b07f5,Roshaun Jones,sparse_bio,1
07057fab-831c-5667-84f3-d48770d2a05d,http://ufcstats.com/fighter-details/2aaf0181432adf0b,Roy Boughton,sparse_bio,1
62e7a3ae-ae5e-522b-a23e-aa24edfbcd09,http://ufcstats.com/fighter-details/be8dfcf0442812b1,Roy Jones,sparse_bio,1
ddac1cbb-83a7-52d3-8110-1d0bde4dabb8,http://ufcstats.com/fighter-details/ceee5dd37253199a,Ryan Diaz,sparse_bio,1
638a4a5a-e024-50e8-b256-a403d09562c7,http://ufcstats.com/fighter-details/a620638435de0628,Ryan Hayes,sparse_bio,1
a0e167ef-a5d8-55a9-b00f-517e42a79c0e,http://ufcstats.com/fighter-details/7107e53ebd7435fb,Ryan Larson,sparse_bio,1
bb7d1f4f-a9a6-5d26-bc6b-39f6b41986b0,http://ufcstats.com/fighter-details/a8d521d913df4e31,Ryan Madigan,missing_dob,1
4159394f-cdfb-5e9e-a5e5-684dd1a3d85c,http://ufcstats.com/fighter-details/6a0b80a24f22e152,Ryan Parker,missing_dob,1
c2c9d01c-7d96-56c0-aa1b-21c200ab9f76,http://ufcstats.com/fighter-details/cc23ed51619421a3,Ryan Quinn,sparse_bio,1
16807d4f-8f29-58da-a647-b95dd401b062,http://ufcstats.com/fighter-details/57481f1f10530c61,Ryan Tobar,sparse_bio,1
40b8f3a9-581b-54b9-b492-3c81b76ad185,http://ufcstats.com/fighter-details/21f2974fd08085e3,Saeed Hosseini,sparse_bio,1
a6d50b0f-c014-5379-a97f-9f2fded6f07e,http://ufcstats.com/fighter-details/4fd76e7ba8313457,Salvador Becerra,sparse_bio,1
4d56a9c9-3601-5dcd-b1a4-077b0e6f5779,http://ufcstats.com/fighter-details/1f5f75658551f2d3,Sam Fulton,sparse_bio,1
6e2ca193-5170-5241-b054-6e713449e6a9,http://ufcstats.com/fighter-details/421ccfc6ddb17958,Sam Liera,sparse_bio,1
7f3187c0-5ab4-5572-bdda-b00a4cf22b53,http://ufcstats.com/fighter-details/1836639ecf9b6e7f,Sam Watford,sparse_bio,1
8f1c5456-63e0-560b-95f5-6d3e1f20ac3d,http://ufcstats.com/fighter-details/748d4e35f846a029,Sarah Payant,sparse_bio,1
e09b82b2-bc6b-5507-8a97-ff89d45482bf,http://ufcstats.com/fighter-details/2620f3eb21c79614,Scott Adams,missing_dob,1
83d3acfb-d9a0-5729-836a-3a0716d25c23,http://ufcstats.com/fighter-details/7d5b12de1625984e,Scott Baker,sparse_bio,1
f984ad31-ac29-5de9-966f-8943e730695a,http://ufcstats.com/fighter-details/53f02bbc41d99432,Scott Bills,sparse_bio,1
1f89c6a4-08ea-5c19-bdde-e5ab8eb6876e,http://ufcstats.com/fighter-details/1e3302f9ab6f549a,Scott Carson,sparse_bio,1
40caaf10-df71-5c8e-b540-6fe90c91f588,http://ufcstats.com/fighter-details/74b5736f1df40be3,Scott Ettling,sparse_bio,1
c19fe264-94f0-5419-92ec-910395a227a8,http://ufcstats.com/fighter-details/0ec821423baa26bd,Scott Fiedler,missing_dob,1
018c1a8b-eee4-5e28-8a6b-c5f3aa5af0af,http://ufcstats.com/fighter-details/6e4acc2c115215b5,Scott Graham,missing_dob,1
c80679ce-15ff-54d1-900a-2e40f74442ba,http://ufcstats.com/fighter-details/08ae3100bf2100ed,Scott McDonald,sparse_bio,1
2ec4a27c-c069-5a61-b5b0-07c8724ed755,http://ufcstats.com/fighter-details/be9d259be012e8a4,Scott Morris,missing_dob,1
84a3f0c3-f8cf-5f10-a437-6ca6ea934f6a,http://ufcstats.com/fighter-details/5c38639f860a5542,Scott Shaffer,missing_dob,1
91f13961-fdb4-5360-94c1-46f59df75a60,http://ufcstats.com/fighter-details/2c733e059462c1dc,Sean Bassett,sparse_bio,1
c1ba2b9a-83ea-5771-8289-e82fb1d79271,http://ufcstats.com/fighter-details/6d7886b094b471ac,Sean Gannon,missing_dob,1
f8790800-a34f-5790-8348-28bd67eed608,http://ufcstats.com/fighter-details/a46ab6c64d321c2d,Shah Kamali,sparse_bio,1
a2c1a3b1-53ef-5287-911b-b1804213a5f0,http://ufcstats.com/fighter-details/44c233770075cea1,Shingo Kohara,sparse_bio,1
50f77fcf-ef7b-581b-8093-24f988efcb24,http://ufcstats.com/fighter-details/27ab7257bf6a3b65,Simon Biyong,sparse_bio,1
9d34f65e-98dc-5187-93dc-ca3552213bbc,http://ufcstats.com/fighter-details/5898357a45a73674,Sione Latu,sparse_bio,1
167fdaed-8001-5246-a43c-7ae85277e11a,http://ufcstats.com/fighter-details/864c07a7ff90caae,So Yul Kim,sparse_bio,1
fbccbc38-27db-52c5-8806-073868f5ea2c,http://ufcstats.com/fighter-details/6d8ef8706781c49e,Sokun Koh,sparse_bio,1
a6d7bcea-c182-5347-8f09-187979648bf0,http://ufcstats.com/fighter-details/63ff619c52ff7976,Sora Rakhmonova,sparse_bio,1
8cd9fa29-3203-5bf1-80e1-3b3c4bd6d678,http://ufcstats.com/fighter-details/d85cf12439945941,Spencer Hearns,sparse_bio,1
cb5921d5-041c-5c75-a7b8-3d6737985a3e,http://ufcstats.com/fighter-details/bc3876891e155bb5,Stefan Klever,sparse_bio,1
b35880b0-9031-5361-a37f-0798472d045b,http://ufcstats.com/fighter-details/d44a84409bf0da64,Stephanie Webber,sparse_bio,1
9dc8ef59-64cc-574f-86e6-05671a8520f9,http://ufcstats.com/fighter-details/99793cf88c5adeee,Steve Hadsel,sparse_bio,1
818ac1d3-7914-52c8-9cea-d6329619c0bd,http://ufcstats.com/fighter-details/6ece1d2ab1bed31d,Steve Judson,missing_dob,1
602eda7f-3df4-5ad1-aedd-25067a58494d,http://ufcstats.com/fighter-details/fc36e2352dccf2a4,Steve Kozola,sparse_bio,1
770dcb89-2f54-55b3-b7d9-b2166585ee13,http://ufcstats.com/fighter-details/0eef1bf99afd4ff2,Steve Mann,sparse_bio,1
d4f84545-effb-5583-ae5d-9a736ae9742d,http://ufcstats.com/fighter-details/13e62d766b709aa6,Steve Nelmark,missing_dob,1
30bddb77-74c4-512e-b28e-8e9ca8b358de,http://ufcstats.com/fighter-details/4311e9d23604205c,Steve Ramirez,sparse_bio,1
9d15bb3c-3cb8-513a-b873-3459d261dc71,http://ufcstats.com/fighter-details/d181689653115b6a,Steve White,sparse_bio,1
0333732a-edc7-52db-a591-f0d0ada52eec,http://ufcstats.com/fighter-details/eaebaa6801338ea1,Steven Ciaccio,sparse_bio,1
921c7162-9dc5-5294-9455-1c801df48bc9,http://ufcstats.com/fighter-details/3e514f437c51ce0a,Steven Graham,missing_dob,1
3ba85a6b-9632-5c19-8f71-c14b96f4ea01,http://ufcstats.com/fighter-details/710d93f1508f7104,Stevie Lynch,missing_dob,1
90239e4a-100f-50ca-8752-94c8b4573cb5,http://ufcstats.com/fighter-details/206a7d47eb62170e,Stoney Hale,sparse_bio,1
1990d761-d6a0-58c3-9006-2315db05a4da,http://ufcstats.com/fighter-details/fa238ecfd048f7d8,TJ Cook,sparse_bio,1
b51a3f34-1615-52c3-80fc-f7a831dd9c66,http://ufcstats.com/fighter-details/e1acbb6352ca3551,TJ Hepburn,sparse_bio,1
c0f6c80c-08b5-59a5-b2dd-be865b9f6715,http://ufcstats.com/fighter-details/2efbc83a6b9b7f86,Tai Bowden,sparse_bio,1
62482a52-54cc-54e9-b00e-d106a38a79bd,http://ufcstats.com/fighter-details/c5ec23983dc2d8f4,Taylor Roberts,sparse_bio,1
f56144b4-f7cd-5d20-8ab2-a75d762af2bf,http://ufcstats.com/fighter-details/85df85a4e276c90e,Terrell Brown,sparse_bio,1
05b4bbb8-ebec-5dd8-82fc-54d6a7c10a4a,http://ufcstats.com/fighter-details/505934897b8b4824,Thaddeus Luster,sparse_bio,1
9960aa45-78a6-5e8b-89d2-9e244c02c30f,http://ufcstats.com/fighter-details/d060014a5a039829,Thomas Campbell,sparse_bio,1
ddce2d04-21ae-5895-ad61-4ce6b2078458,http://ufcstats.com/fighter-details/989be26791d0aad4,Thomas Longacre,missing_dob,1
c6283269-4bdf-51ea-beaf-47c87fb4930d,http://ufcstats.com/fighter-details/ea398c802d9998ee,Thomas Ramirez,missing_dob,1
337d4d9d-b599-5f07-b09f-7cb659a5e777,http://ufcstats.com/fighter-details/3848cd6cac73e091,Ti Haitao,sparse_bio,1
34f78b85-2823-5e79-9177-7dd4e709bd96,http://ufcstats.com/fighter-details/6ca68b636fbc1f18,Tim Catalfo,missing_dob,1
fd0853e7-896e-5343-9fc9-a2d88ea78d72,http://ufcstats.com/fighter-details/4d1e92b61bcef308,Tobias Harila,sparse_bio,1
96a3237b-9371-5ad1-a4d1-cf1f5165da18,http://ufcstats.com/fighter-details/3fed746acfd026dd,Todd Butler,missing_dob,1
5b51a956-905f-5091-9529-d2cd39480251,http://ufcstats.com/fighter-details/7d06092326c52528,Todd Lally,missing_dob,1
c28e6a40-518a-542e-af80-4a4876dd9fb0,http://ufcstats.com/fighter-details/93fe7332d16c6ad9,Tom Aaron,sparse_bio,1
1a7f94de-adc3-5cb5-b825-5ccc46be90ba,http://ufcstats.com/fighter-details/2adb11835acd815b,Tom Blackledge,sparse_bio,1
043440e9-cf9d-5063-9119-255390c808ab,http://ufcstats.com/fighter-details/eae4aec1a5a8ff01,Tom Egan,missing_dob,1
94c32aef-8de3-5b86-82a5-e60cdefe85b1,http://ufcstats.com/fighter-details/b9aa7d230865b5fe,Tom Tuggle,missing_dob,1
c0f15578-7828-56f9-936a-609661eac96d,http://ufcstats.com/fighter-details/7aabd61419f747d1,Tommy Petersen,sparse_bio,1
1fc84b64-3a5f-5ede-be43-a1dbf4972f61,http://ufcstats.com/fighter-details/3641a0d117e9bc6c,Tony Johnson,duplicate_name,1
08ea9c0b-ad64-53de-8db2-e10d757b2bf7,http://ufcstats.com/fighter-details/97f3692d5444a80a,Tony Juarez,sparse_bio,1
1e30e8b4-edc5-5215-921c-6dff8ecb8c9d,http://ufcstats.com/fighter-details/20bd6c3e03c46ee6,Townsend Saunders,missing_dob,1
ea62a8c4-3b0b-57e5-8337-a17d9d0b44ae,http://ufcstats.com/fighter-details/90d28fee0af74f2d,Travis Calanoc,missing_dob,1
4d4dd07a-db33-5ac5-85a8-096309559f4a,http://ufcstats.com/fighter-details/443835675e8fc6ca,Travis Johnson,sparse_bio,1
35fce45b-6f93-5724-94b6-4b56524b68aa,http://ufcstats.com/fighter-details/02fc8f50f56eb307,Trent Jenkins,sparse_bio,1
cb420f2a-8ded-5521-84ac-7535eb7f41c4,http://ufcstats.com/fighter-details/ed5f04f833459877,Treston Thomison,sparse_bio,1
c01571e7-80cd-5fa9-8ad6-aec76dda9a62,http://ufcstats.com/fighter-details/0e98b05d3cf6d271,Trevor Harris,sparse_bio,1
12160729-aeb0-5fc5-a8b6-9884f0fe5c01,http://ufcstats.com/fighter-details/9c9455912d917e4e,Tristan Arenal,sparse_bio,1
182b37e2-7d9c-541e-8715-57b618fec968,http://ufcstats.com/fighter-details/e8c170a64dc920ac,Tulio Palhares,sparse_bio,1
55dc4856-0fae-51ba-9f74-a6767c75e6cb,http://ufcstats.com/fighter-details/7b6ce3a9460565b5,Valeri Ignatov,missing_dob,1
646c3427-8019-53ca-acef-cd4b77128a16,http://ufcstats.com/fighter-details/91e3388e69060e69,Veta Arteaga,sparse_bio,1
c040e087-b489-555d-9918-cf64033eaacd,http://ufcstats.com/fighter-details/04f0471f221db717,Victor Jones,sparse_bio,1
2472db31-9208-526d-b690-6c9833264558,http://ufcstats.com/fighter-details/078695e385ec2f57,Victor Valenzuela,duplicate_name,1
83172e23-95cc-543d-908c-81070e1ba93b,http://ufcstats.com/fighter-details/1b583c64c23f0c7f,Vinicius Magalhaes,sparse_bio,1
94acf927-486b-5713-9222-17392ffc0c2b,http://ufcstats.com/fighter-details/625b65b45c1c6888,Walter Smith-Cotito,sparse_bio,1
e485eead-fee1-53d1-b117-ca2ba40a8850,http://ufcstats.com/fighter-details/9b8a73b59be8d786,Waylon Kennell,sparse_bio,1
6272b154-2cd0-5641-9a0c-bee9078697e3,http://ufcstats.com/fighter-details/09a82bd51ff61376,Wayne Phillips,sparse_bio,1
de690d5e-4563-5d79-9ff2-9b643545a1c8,http://ufcstats.com/fighter-details/184b955181bdef52,Wes Albritton,missing_dob,1
7eefee81-736c-5496-a531-4d97f63b454d,http://ufcstats.com/fighter-details/ad863b0d57952c57,Wes Shivers,sparse_bio,1
26bb9fc3-52ac-5dcf-a86a-ef250173a141,http://ufcstats.com/fighter-details/008c6e1a25751575,Wesley Little,sparse_bio,1
26db0ed4-088c-557a-bfec-7427665a59e0,http://ufcstats.com/fighter-details/bc7cf284c1c2f16e,Won Jin Eoh,missing_dob,1
15ca7995-d7ef-5e94-9604-e0cfa6d45312,http://ufcstats.com/fighter-details/daa89f01e1c0f42a,Xue Do Won,sparse_bio,1
178b69c4-e02f-5fc5-bf5a-f26da88f4c40,http://ufcstats.com/fighter-details/c50ea21fe9ef478d,Yohan Banks,sparse_bio,1
eeb259c7-3bc2-5b37-b4c1-b5c4c2158015,http://ufcstats.com/fighter-details/1c8b9f4d89b92e1b,Yuele Huang,sparse_bio,1
525b753e-e999-57dc-b883-f79014eb3064,http://ufcstats.com/fighter-details/208b6926916867c7,Zach Rosol,sparse_bio,1
9de51cab-4b02-530e-8c91-6d1bdc92bcc3,http://ufcstats.com/fighter-details/c337c3c85b1871e0,Zach Skinner,missing_dob,1
878e17f1-49bf-56dd-b97b-dadd21f30925,http://ufcstats.com/fighter-details/1e310618d02ff93b,Zach Underwood,sparse_bio,1
f00021ea-1269-5e09-9dec-14f66dfb0b54,http://ufcstats.com/fighter-details/d3711d3784b76255,Zane Frazier,missing_dob,1
1531086b-8acd-57eb-990b-985a47feebe5,http://ufcstats.com/fighter-details/286e1d61fb315355,Zhang Zhenyang,sparse_bio,1
b0dedb18-674f-552d-9120-9261edb7996e,http://ufcstats.com/fighter-details/d027fff39a34a9df,Zhou Kun,sparse_bio,1
